{
	"credit": "Made with Blockbench",
	"texture_size": [64, 64],
	"textures": {
		"2": "palm:item/chair",
		"particle": "palm:item/chair"
	},
	"elements": [
		{
			"from": [2, 6, 2.5],
			"to": [14, 8, 4.5],
			"rotation": {"angle": 45, "axis": "x", "origin": [8, 7, 3.5]},
			"faces": {
				"north": {"uv": [3, 0, 6, 0.5], "texture": "#2"},
				"east": {"uv": [6, 4.5, 6.5, 5], "texture": "#2"},
				"south": {"uv": [3, 0.5, 6, 1], "texture": "#2"},
				"west": {"uv": [6.5, 4.5, 7, 5], "texture": "#2"},
				"up": {"uv": [6, 1.5, 3, 1], "texture": "#2"},
				"down": {"uv": [6, 1.5, 3, 2], "texture": "#2"}
			}
		},
		{
			"from": [2, 6, 11.5],
			"to": [14, 8, 13.5],
			"rotation": {"angle": 45, "axis": "x", "origin": [8, 7, 12.5]},
			"faces": {
				"north": {"uv": [3, 2, 6, 2.5], "texture": "#2"},
				"east": {"uv": [4, 7.75, 4.5, 8.25], "texture": "#2"},
				"south": {"uv": [3, 2.5, 6, 3], "texture": "#2"},
				"west": {"uv": [4.5, 7.75, 5, 8.25], "texture": "#2"},
				"up": {"uv": [6, 3.5, 3, 3], "texture": "#2"},
				"down": {"uv": [6, 3.5, 3, 4], "texture": "#2"}
			}
		},
		{
			"from": [2.41421, 6, 3.5],
			"to": [4.41421, 8, 12.5],
			"rotation": {"angle": 45, "axis": "z", "origin": [3.41421, 7, 9.08579]},
			"faces": {
				"north": {"uv": [7, 4.5, 7.5, 5], "texture": "#2"},
				"east": {"uv": [3, 5, 5.25, 5.5], "texture": "#2"},
				"south": {"uv": [0.25, 7.75, 0.75, 8.25], "texture": "#2"},
				"west": {"uv": [5.25, 5, 7.5, 5.5], "texture": "#2"},
				"up": {"uv": [0.5, 7.75, 0, 5.5], "texture": "#2"},
				"down": {"uv": [1, 5.5, 0.5, 7.75], "texture": "#2"}
			}
		},
		{
			"from": [11.58579, 6, 3.5],
			"to": [13.58579, 8, 12.5],
			"rotation": {"angle": 45, "axis": "z", "origin": [12.58579, 7, 10]},
			"faces": {
				"north": {"uv": [7.75, 1.25, 8.25, 1.75], "texture": "#2"},
				"east": {"uv": [1, 5.5, 3.25, 6], "texture": "#2"},
				"south": {"uv": [7.75, 1.75, 8.25, 2.25], "texture": "#2"},
				"west": {"uv": [3.25, 5.5, 5.5, 6], "texture": "#2"},
				"up": {"uv": [6, 7.75, 5.5, 5.5], "texture": "#2"},
				"down": {"uv": [6.5, 0, 6, 2.25], "texture": "#2"}
			}
		},
		{
			"from": [4, 6.5, 4],
			"to": [12, 7.5, 12],
			"rotation": {"angle": 0, "axis": "y", "origin": [3.5, 6.5, 4]},
			"faces": {
				"north": {"uv": [0, 4, 2, 4.25], "texture": "#2"},
				"east": {"uv": [0, 4.25, 2, 4.5], "texture": "#2"},
				"south": {"uv": [7.5, 2.25, 9.5, 2.5], "texture": "#2"},
				"west": {"uv": [7.5, 2.5, 9.5, 2.75], "texture": "#2"},
				"up": {"uv": [2, 2, 0, 0], "texture": "#2"},
				"down": {"uv": [2, 2, 0, 4], "texture": "#2"}
			}
		},
		{
			"from": [2, 17, 11.5],
			"to": [14, 19, 13.5],
			"rotation": {"angle": 45, "axis": "x", "origin": [8, 18, 12.5]},
			"faces": {
				"north": {"uv": [3, 4, 6, 4.5], "texture": "#2"},
				"east": {"uv": [7.75, 4.5, 8.25, 5], "texture": "#2"},
				"south": {"uv": [0, 4.5, 3, 5], "texture": "#2"},
				"west": {"uv": [5, 7.75, 5.5, 8.25], "texture": "#2"},
				"up": {"uv": [6, 5, 3, 4.5], "texture": "#2"},
				"down": {"uv": [3, 5, 0, 5.5], "texture": "#2"}
			}
		},
		{
			"from": [2.9142, 3, 7.5],
			"to": [3.9142, 19, 8.5],
			"rotation": {"angle": 22.5, "axis": "x", "origin": [3.5, 7, 8]},
			"faces": {
				"north": {"uv": [1, 6, 1.25, 10], "texture": "#2"},
				"east": {"uv": [1.25, 6, 1.5, 10], "texture": "#2"},
				"south": {"uv": [1.5, 6, 1.75, 10], "texture": "#2"},
				"west": {"uv": [1.75, 6, 2, 10], "texture": "#2"},
				"up": {"uv": [1, 8, 0.75, 7.75], "texture": "#2"},
				"down": {"uv": [8, 7.5, 7.75, 7.75], "texture": "#2"}
			}
		},
		{
			"from": [12.0858, 3, 7.5],
			"to": [13.0858, 19, 8.5],
			"rotation": {"angle": 22.5, "axis": "x", "origin": [12.6716, 7, 8]},
			"faces": {
				"north": {"uv": [2, 6, 2.25, 10], "texture": "#2"},
				"east": {"uv": [2.25, 6, 2.5, 10], "texture": "#2"},
				"south": {"uv": [2.5, 6, 2.75, 10], "texture": "#2"},
				"west": {"uv": [2.75, 6, 3, 10], "texture": "#2"},
				"up": {"uv": [8.25, 8, 8, 7.75], "texture": "#2"},
				"down": {"uv": [8.25, 8, 8, 8.25], "texture": "#2"}
			}
		},
		{
			"from": [6, 8, 12.5],
			"to": [10, 17, 12.5],
			"rotation": {"angle": 0, "axis": "y", "origin": [6, 8, 12.5]},
			"faces": {
				"north": {"uv": [2, 0, 3, 2.25], "texture": "#2"},
				"east": {"uv": [0, 0, 0, 2.25], "texture": "#2"},
				"south": {"uv": [2, 2.25, 3, 4.5], "texture": "#2"},
				"west": {"uv": [0, 0, 0, 2.25], "texture": "#2"},
				"up": {"uv": [1, 0, 0, 0], "texture": "#2"},
				"down": {"uv": [1, 0, 0, 0], "texture": "#2"}
			}
		},
		{
			"from": [2.41421, 0, 2.5],
			"to": [4.41421, 7, 4.5],
			"rotation": {"angle": 45, "axis": "y", "origin": [3.41421, 3.5, 3.5]},
			"faces": {
				"north": {"uv": [6, 2.25, 6.5, 4], "texture": "#2"},
				"east": {"uv": [3, 6, 3.5, 7.75], "texture": "#2"},
				"south": {"uv": [3.5, 6, 4, 7.75], "texture": "#2"},
				"west": {"uv": [4, 6, 4.5, 7.75], "texture": "#2"},
				"up": {"uv": [3.5, 8.25, 3, 7.75], "texture": "#2"},
				"down": {"uv": [4, 7.75, 3.5, 8.25], "texture": "#2"}
			}
		},
		{
			"from": [11.58579, 0, 2.5],
			"to": [13.58579, 7, 4.5],
			"rotation": {"angle": 45, "axis": "y", "origin": [12.58579, 3.5, 3.5]},
			"faces": {
				"north": {"uv": [4.5, 6, 5, 7.75], "texture": "#2"},
				"east": {"uv": [5, 6, 5.5, 7.75], "texture": "#2"},
				"south": {"uv": [6, 5.5, 6.5, 7.25], "texture": "#2"},
				"west": {"uv": [6.5, 0, 7, 1.75], "texture": "#2"},
				"up": {"uv": [8.25, 5.5, 7.75, 5], "texture": "#2"},
				"down": {"uv": [6, 7.75, 5.5, 8.25], "texture": "#2"}
			}
		},
		{
			"from": [2.41421, 0, 11.5],
			"to": [4.41421, 7, 13.5],
			"rotation": {"angle": 45, "axis": "y", "origin": [3.41421, 3.5, 12.5]},
			"faces": {
				"north": {"uv": [7, 5.5, 7.5, 7.25], "texture": "#2"},
				"east": {"uv": [6, 7.25, 6.5, 9], "texture": "#2"},
				"south": {"uv": [6.5, 7.25, 7, 9], "texture": "#2"},
				"west": {"uv": [7, 7.25, 7.5, 9], "texture": "#2"},
				"up": {"uv": [8.25, 7, 7.75, 6.5], "texture": "#2"},
				"down": {"uv": [8.25, 7, 7.75, 7.5], "texture": "#2"}
			}
		},
		{
			"from": [11.58579, 0, 11.5],
			"to": [13.58579, 7, 13.5],
			"rotation": {"angle": 45, "axis": "y", "origin": [12.58579, 3.5, 12.5]},
			"faces": {
				"north": {"uv": [6.5, 1.75, 7, 3.5], "texture": "#2"},
				"east": {"uv": [6.5, 5.5, 7, 7.25], "texture": "#2"},
				"south": {"uv": [7, 0, 7.5, 1.75], "texture": "#2"},
				"west": {"uv": [7, 1.75, 7.5, 3.5], "texture": "#2"},
				"up": {"uv": [8.25, 6, 7.75, 5.5], "texture": "#2"},
				"down": {"uv": [8.25, 6, 7.75, 6.5], "texture": "#2"}
			}
		},
		{
			"from": [12.0808, 3, 3],
			"to": [13.0908, 4, 12],
			"rotation": {"angle": 0, "axis": "y", "origin": [12.5858, 3.5, 7.5]},
			"faces": {
				"north": {"uv": [7.75, 7.75, 8, 8], "texture": "#2"},
				"east": {"uv": [6, 4, 8.25, 4.25], "texture": "#2"},
				"south": {"uv": [0.75, 8, 1, 8.25], "texture": "#2"},
				"west": {"uv": [6, 4.25, 8.25, 4.5], "texture": "#2"},
				"up": {"uv": [7.75, 2.25, 7.5, 0], "texture": "#2"},
				"down": {"uv": [7.75, 4.5, 7.5, 6.75], "texture": "#2"}
			}
		},
		{
			"from": [2.9092, 3, 3],
			"to": [3.9192, 4, 12],
			"rotation": {"angle": 0, "axis": "y", "origin": [3.4142, 3.5, 7.5]},
			"faces": {
				"north": {"uv": [0.25, 8.25, 0.5, 8.5], "texture": "#2"},
				"east": {"uv": [6.5, 3.5, 8.75, 3.75], "texture": "#2"},
				"south": {"uv": [0.5, 8.25, 0.75, 8.5], "texture": "#2"},
				"west": {"uv": [6.5, 3.75, 8.75, 4], "texture": "#2"},
				"up": {"uv": [7.75, 9, 7.5, 6.75], "texture": "#2"},
				"down": {"uv": [0.25, 7.75, 0, 10], "texture": "#2"}
			}
		},
		{
			"from": [4, 2.5, 3],
			"to": [12, 3.5, 4],
			"rotation": {"angle": 0, "axis": "y", "origin": [4, 2.5, 3]},
			"faces": {
				"north": {"uv": [7.5, 2.75, 9.5, 3], "texture": "#2"},
				"east": {"uv": [8, 7.5, 8.25, 7.75], "texture": "#2"},
				"south": {"uv": [7.5, 3, 9.5, 3.25], "texture": "#2"},
				"west": {"uv": [7.75, 8, 8, 8.25], "texture": "#2"},
				"up": {"uv": [9.5, 3.5, 7.5, 3.25], "texture": "#2"},
				"down": {"uv": [9.75, 0, 7.75, 0.25], "texture": "#2"}
			}
		},
		{
			"from": [4, 2.5, 12],
			"to": [12, 3.5, 13],
			"rotation": {"angle": 0, "axis": "y", "origin": [4, 2.5, 12]},
			"faces": {
				"north": {"uv": [7.75, 0.25, 9.75, 0.5], "texture": "#2"},
				"east": {"uv": [0.75, 8.25, 1, 8.5], "texture": "#2"},
				"south": {"uv": [7.75, 0.5, 9.75, 0.75], "texture": "#2"},
				"west": {"uv": [8.25, 1.25, 8.5, 1.5], "texture": "#2"},
				"up": {"uv": [9.75, 1, 7.75, 0.75], "texture": "#2"},
				"down": {"uv": [9.75, 1, 7.75, 1.25], "texture": "#2"}
			}
		}
	],
	"display": {
		"thirdperson_righthand": {
			"rotation": [0, -90, -90],
			"translation": [4.5, -2, 1.25]
		},
		"gui": {
			"rotation": [30, 135, 0],
			"translation": [0, -0.75, 0],
			"scale": [0.625, 0.625, 0.625]
		},
		"head": {
			"translation": [0, -32.15, 0],
			"scale": [1.6, 1.6, 1.6]
		},
		"fixed": {
			"rotation": [-90, 0, 0],
			"translation": [0, 0, -20],
			"scale": [2.5, 2.5, 2.5]
		}
	},
	"groups": [
		{
			"name": "group",
			"origin": [3.5, 6.5, 3.5],
			"color": 0,
			"children": [0, 1, 2, 3, 4]
		},
		{
			"name": "group",
			"origin": [12.5, 7, 7.5],
			"color": 0,
			"children": [5, 6, 7, 8]
		},
		{
			"name": "group",
			"origin": [3, 3.5, 3],
			"color": 0,
			"children": [9, 10, 11, 12, 13, 14, 15, 16]
		}
	]
}