{
	"credit": "Made with Blockbench",
	"texture_size": [64, 64],
	"textures": {
		"0": "palm:item/stern_wheel",
		"particle": "palm:item/stern_wheel"
	},
	"elements": [
		{
			"from": [1, 0, 1],
			"to": [15, 2, 15],
			"rotation": {"angle": 0, "axis": "y", "origin": [7, 0, 7]},
			"faces": {
				"north": {"uv": [8, 6, 11.5, 6.5], "texture": "#0"},
				"east": {"uv": [8, 6.5, 11.5, 7], "texture": "#0"},
				"south": {"uv": [8, 7, 11.5, 7.5], "texture": "#0"},
				"west": {"uv": [8, 7.5, 11.5, 8], "texture": "#0"},
				"up": {"uv": [3.5, 3.5, 0, 0], "texture": "#0"},
				"down": {"uv": [3.5, 3.5, 0, 7], "texture": "#0"}
			}
		},
		{
			"from": [5, 2, 5],
			"to": [11, 5, 11],
			"rotation": {"angle": 0, "axis": "y", "origin": [7, 2, 7]},
			"faces": {
				"north": {"uv": [1, 8, 2.5, 8.75], "texture": "#0"},
				"east": {"uv": [1, 8.75, 2.5, 9.5], "texture": "#0"},
				"south": {"uv": [9, 5, 10.5, 5.75], "texture": "#0"},
				"west": {"uv": [8, 9, 9.5, 9.75], "texture": "#0"},
				"up": {"uv": [9, 4.5, 7.5, 3], "texture": "#0"},
				"down": {"uv": [9, 4.5, 7.5, 6], "texture": "#0"}
			}
		},
		{
			"from": [6, 5, 6],
			"to": [10, 22, 10],
			"rotation": {"angle": 0, "axis": "y", "origin": [7, 5, 7]},
			"faces": {
				"north": {"uv": [3.5, 0, 4.5, 4.25], "texture": "#0"},
				"east": {"uv": [3.5, 4.25, 4.5, 8.5], "texture": "#0"},
				"south": {"uv": [4.5, 0, 5.5, 4.25], "texture": "#0"},
				"west": {"uv": [4.5, 4.25, 5.5, 8.5], "texture": "#0"},
				"up": {"uv": [7.5, 9, 6.5, 8], "texture": "#0"},
				"down": {"uv": [7.5, 9, 6.5, 10], "texture": "#0"}
			}
		},
		{
			"from": [14, 11, 2],
			"to": [16, 27, 6],
			"rotation": {"angle": 0, "axis": "y", "origin": [7, 0, 3]},
			"faces": {
				"north": {"uv": [3, 7, 3.5, 11], "texture": "#0"},
				"east": {"uv": [5.5, 0, 6.5, 4], "texture": "#0"},
				"south": {"uv": [7.5, 6, 8, 10], "texture": "#0"},
				"west": {"uv": [5.5, 4, 6.5, 8], "texture": "#0"},
				"up": {"uv": [5.5, 10.5, 5, 9.5], "texture": "#0"},
				"down": {"uv": [6, 9.5, 5.5, 10.5], "texture": "#0"}
			}
		},
		{
			"from": [0, 11, 2],
			"to": [2, 27, 6],
			"rotation": {"angle": 0, "axis": "y", "origin": [-7, 0, 3]},
			"faces": {
				"north": {"uv": [0, 8, 0.5, 12], "texture": "#0"},
				"east": {"uv": [6.5, 0, 7.5, 4], "texture": "#0"},
				"south": {"uv": [0.5, 8, 1, 12], "texture": "#0"},
				"west": {"uv": [6.5, 4, 7.5, 8], "texture": "#0"},
				"up": {"uv": [6.5, 10.5, 6, 9.5], "texture": "#0"},
				"down": {"uv": [10, 9, 9.5, 10], "texture": "#0"}
			}
		},
		{
			"from": [2, 25, 2],
			"to": [14, 27, 6],
			"rotation": {"angle": 0, "axis": "y", "origin": [-6, 0, 3]},
			"faces": {
				"north": {"uv": [8, 8, 11, 8.5], "texture": "#0"},
				"east": {"uv": [5.5, 8, 6.5, 8.5], "texture": "#0"},
				"south": {"uv": [3.5, 8.5, 6.5, 9], "texture": "#0"},
				"west": {"uv": [8, 9.75, 9, 10.25], "texture": "#0"},
				"up": {"uv": [3, 8, 0, 7], "texture": "#0"},
				"down": {"uv": [10.5, 0, 7.5, 1], "texture": "#0"}
			}
		},
		{
			"from": [2, 11, 2],
			"to": [14, 13, 6],
			"rotation": {"angle": 0, "axis": "y", "origin": [-6, -14, 3]},
			"faces": {
				"north": {"uv": [8, 8.5, 11, 9], "texture": "#0"},
				"east": {"uv": [6.5, 10, 7.5, 10.5], "texture": "#0"},
				"south": {"uv": [9, 3, 12, 3.5], "texture": "#0"},
				"west": {"uv": [9, 10, 10, 10.5], "texture": "#0"},
				"up": {"uv": [10.5, 2, 7.5, 1], "texture": "#0"},
				"down": {"uv": [10.5, 2, 7.5, 3], "texture": "#0"}
			}
		},
		{
			"from": [2, 18, 4],
			"to": [14, 20, 6],
			"rotation": {"angle": 0, "axis": "y", "origin": [-6, -7, 3]},
			"faces": {
				"north": {"uv": [3.5, 9, 6.5, 9.5], "texture": "#0"},
				"east": {"uv": [7.5, 10, 8, 10.5], "texture": "#0"},
				"south": {"uv": [9, 3.5, 12, 4], "texture": "#0"},
				"west": {"uv": [10, 9, 10.5, 9.5], "texture": "#0"},
				"up": {"uv": [12, 4.5, 9, 4], "texture": "#0"},
				"down": {"uv": [12, 4.5, 9, 5], "texture": "#0"}
			}
		},
		{
			"from": [7, 20, 4],
			"to": [9, 25, 6],
			"rotation": {"angle": 0, "axis": "y", "origin": [-6, -7, 3]},
			"faces": {
				"north": {"uv": [2.5, 8, 3, 9.25], "texture": "#0"},
				"east": {"uv": [2.5, 9.25, 3, 10.5], "texture": "#0"},
				"south": {"uv": [1, 9.5, 1.5, 10.75], "texture": "#0"},
				"west": {"uv": [1.5, 9.5, 2, 10.75], "texture": "#0"},
				"up": {"uv": [10.5, 10, 10, 9.5], "texture": "#0"},
				"down": {"uv": [10.5, 10, 10, 10.5], "texture": "#0"}
			}
		},
		{
			"from": [7, 13, 4],
			"to": [9, 18, 6],
			"rotation": {"angle": 0, "axis": "y", "origin": [-6, -14, 3]},
			"faces": {
				"north": {"uv": [2, 9.5, 2.5, 10.75], "texture": "#0"},
				"east": {"uv": [3.5, 9.5, 4, 10.75], "texture": "#0"},
				"south": {"uv": [4, 9.5, 4.5, 10.75], "texture": "#0"},
				"west": {"uv": [4.5, 9.5, 5, 10.75], "texture": "#0"},
				"up": {"uv": [8.5, 10.75, 8, 10.25], "texture": "#0"},
				"down": {"uv": [9, 10.25, 8.5, 10.75], "texture": "#0"}
			}
		}
	],
	"display": {
		"thirdperson_righthand": {
			"scale": [0.6, 0.6, 0.6]
		},
		"thirdperson_lefthand": {
			"scale": [0.6, 0.6, 0.6]
		},
		"firstperson_righthand": {
			"translation": [0, -1.25, 0],
			"scale": [0.6, 0.6, 0.6]
		},
		"firstperson_lefthand": {
			"translation": [0, -1.25, 0],
			"scale": [0.6, 0.6, 0.6]
		},
		"ground": {
			"translation": [0, 2.25, 0],
			"scale": [0.7, 0.7, 0.7]
		},
		"gui": {
			"rotation": [19, -150, 0],
			"translation": [0, -2.25, 0],
			"scale": [0.5, 0.5, 0.5]
		},
		"head": {
			"translation": [0, 15, 0]
		},
		"fixed": {
			"rotation": [-90, 0, 0],
			"translation": [0, 0, -14],
			"scale": [2, 2, 2]
		}
	},
	"groups": [
		{
			"name": "wheel",
			"origin": [-6, -14, 3],
			"color": 0,
			"children": [0, 1, 2, 3, 4, 5, 6, 7, 8, 9]
		}
	]
}