{
	"credit": "Made with Blockbench",
	"texture_size": [128, 128],
	"textures": {
		"0": "palm:item/pizzabot"
	},
	"elements": [
		{
			"from": [7, 2, 4],
			"to": [9, 8, 5],
			"rotation": {"angle": 0, "axis": "y", "origin": [8, 0, 8]},
			"faces": {
				"north": {"uv": [0.125, 4.375, 0.375, 5.125], "texture": "#0"},
				"east": {"uv": [0, 4.375, 0.125, 5.125], "texture": "#0"},
				"south": {"uv": [0.5, 4.375, 0.75, 5.125], "texture": "#0"},
				"west": {"uv": [0.375, 4.375, 0.5, 5.125], "texture": "#0"},
				"up": {"uv": [0.375, 4.375, 0.125, 4.25], "texture": "#0"},
				"down": {"uv": [0.625, 4.25, 0.375, 4.375], "texture": "#0"}
			}
		},
		{
			"from": [7, 8, 5],
			"to": [9, 9, 11],
			"rotation": {"angle": 0, "axis": "y", "origin": [8, 9, 17]},
			"faces": {
				"north": {"uv": [0.75, 4.125, 1, 4.25], "texture": "#0"},
				"east": {"uv": [0, 4.125, 0.75, 4.25], "texture": "#0"},
				"south": {"uv": [1.75, 4.125, 2, 4.25], "texture": "#0"},
				"west": {"uv": [1, 4.125, 1.75, 4.25], "texture": "#0"},
				"up": {"uv": [1, 4.125, 0.75, 3.375], "texture": "#0"},
				"down": {"uv": [1.25, 3.375, 1, 4.125], "texture": "#0"}
			}
		},
		{
			"from": [7, 1, 5],
			"to": [9, 2, 11],
			"rotation": {"angle": 0, "axis": "y", "origin": [8, 0, 17]},
			"faces": {
				"north": {"uv": [3.5, 3.375, 3.75, 3.5], "texture": "#0"},
				"east": {"uv": [2.75, 3.375, 3.5, 3.5], "texture": "#0"},
				"south": {"uv": [4.5, 3.375, 4.75, 3.5], "texture": "#0"},
				"west": {"uv": [3.75, 3.375, 4.5, 3.5], "texture": "#0"},
				"up": {"uv": [3.75, 3.375, 3.5, 2.625], "texture": "#0"},
				"down": {"uv": [4, 2.625, 3.75, 3.375], "texture": "#0"}
			}
		},
		{
			"from": [7, 2, 11],
			"to": [9, 8, 12],
			"rotation": {"angle": 0, "axis": "y", "origin": [8, 0, 17]},
			"faces": {
				"north": {"uv": [4.125, 2.5, 4.375, 3.25], "texture": "#0"},
				"east": {"uv": [4, 2.5, 4.125, 3.25], "texture": "#0"},
				"south": {"uv": [4.5, 2.5, 4.75, 3.25], "texture": "#0"},
				"west": {"uv": [4.375, 2.5, 4.5, 3.25], "texture": "#0"},
				"up": {"uv": [4.375, 2.5, 4.125, 2.375], "texture": "#0"},
				"down": {"uv": [4.625, 2.375, 4.375, 2.5], "texture": "#0"}
			}
		},
		{
			"from": [6, 2, 5],
			"to": [7, 8, 11],
			"rotation": {"angle": 0, "axis": "y", "origin": [7, 0, 8]},
			"faces": {
				"north": {"uv": [2.5, 2.625, 2.625, 3.375], "texture": "#0"},
				"east": {"uv": [1.75, 2.625, 2.5, 3.375], "texture": "#0"},
				"south": {"uv": [3.375, 2.625, 3.5, 3.375], "texture": "#0"},
				"west": {"uv": [2.625, 2.625, 3.375, 3.375], "texture": "#0"},
				"up": {"uv": [2.625, 2.625, 2.5, 1.875], "texture": "#0"},
				"down": {"uv": [2.75, 1.875, 2.625, 2.625], "texture": "#0"}
			}
		},
		{
			"from": [9, 2, 5],
			"to": [10, 8, 11],
			"rotation": {"angle": 0, "axis": "y", "origin": [10, 0, 8]},
			"faces": {
				"north": {"uv": [0.75, 2.625, 0.875, 3.375], "texture": "#0"},
				"east": {"uv": [0, 2.625, 0.75, 3.375], "texture": "#0"},
				"south": {"uv": [1.625, 2.625, 1.75, 3.375], "texture": "#0"},
				"west": {"uv": [0.875, 2.625, 1.625, 3.375], "texture": "#0"},
				"up": {"uv": [0.875, 2.625, 0.75, 1.875], "texture": "#0"},
				"down": {"uv": [1, 1.875, 0.875, 2.625], "texture": "#0"}
			}
		},
		{
			"from": [10, 4, 7],
			"to": [11, 11, 9],
			"rotation": {"angle": 0, "axis": "y", "origin": [11, 4, 8]},
			"faces": {
				"north": {"uv": [4.25, 3.75, 4.375, 4.625], "texture": "#0"},
				"east": {"uv": [4, 3.75, 4.25, 4.625], "texture": "#0"},
				"south": {"uv": [4.625, 3.75, 4.75, 4.625], "texture": "#0"},
				"west": {"uv": [4.375, 3.75, 4.625, 4.625], "texture": "#0"},
				"up": {"uv": [4.375, 3.75, 4.25, 3.5], "texture": "#0"},
				"down": {"uv": [4.5, 3.5, 4.375, 3.75], "texture": "#0"}
			}
		},
		{
			"from": [5, 4, 7],
			"to": [6, 11, 9],
			"rotation": {"angle": 0, "axis": "y", "origin": [6, 4, 8]},
			"faces": {
				"north": {"uv": [3.75, 0.25, 3.875, 1.125], "texture": "#0"},
				"east": {"uv": [3.5, 0.25, 3.75, 1.125], "texture": "#0"},
				"south": {"uv": [4.125, 0.25, 4.25, 1.125], "texture": "#0"},
				"west": {"uv": [3.875, 0.25, 4.125, 1.125], "texture": "#0"},
				"up": {"uv": [3.875, 0.25, 3.75, 0], "texture": "#0"},
				"down": {"uv": [4, 0, 3.875, 0.25], "texture": "#0"}
			}
		},
		{
			"from": [4, 10, 5],
			"to": [12, 19, 11],
			"rotation": {"angle": 0, "axis": "y", "origin": [8, 10, 8]},
			"faces": {
				"north": {"uv": [0.75, 0.75, 1.75, 1.875], "texture": "#0"},
				"east": {"uv": [0, 0.75, 0.75, 1.875], "texture": "#0"},
				"south": {"uv": [2.5, 0.75, 3.5, 1.875], "texture": "#0"},
				"west": {"uv": [1.75, 0.75, 2.5, 1.875], "texture": "#0"},
				"up": {"uv": [1.75, 0.75, 0.75, 0], "texture": "#0"},
				"down": {"uv": [2.75, 0, 1.75, 0.75], "texture": "#0"}
			}
		},
		{
			"from": [6, 19, 6],
			"to": [10, 23, 10],
			"rotation": {"angle": 0, "axis": "y", "origin": [8, 19, 8]},
			"faces": {
				"north": {"uv": [3.5, 1.875, 4, 2.375], "texture": "#0"},
				"east": {"uv": [3, 1.875, 3.5, 2.375], "texture": "#0"},
				"south": {"uv": [4.5, 1.875, 5, 2.375], "texture": "#0"},
				"west": {"uv": [4, 1.875, 4.5, 2.375], "texture": "#0"},
				"up": {"uv": [4, 1.875, 3.5, 1.375], "texture": "#0"},
				"down": {"uv": [4.5, 1.375, 4, 1.875], "texture": "#0"}
			}
		},
		{
			"from": [8, 23, 7],
			"to": [9, 25, 8],
			"rotation": {"angle": 0, "axis": "y", "origin": [8, 23, 8]},
			"faces": {
				"north": {"uv": [0.125, 0.125, 0.25, 0.375], "texture": "#0"},
				"east": {"uv": [0, 0.125, 0.125, 0.375], "texture": "#0"},
				"south": {"uv": [0.375, 0.125, 0.5, 0.375], "texture": "#0"},
				"west": {"uv": [0.25, 0.125, 0.375, 0.375], "texture": "#0"},
				"up": {"uv": [0.25, 0.125, 0.125, 0], "texture": "#0"},
				"down": {"uv": [0.375, 0, 0.25, 0.125], "texture": "#0"}
			}
		},
		{
			"from": [2, 7.6, 7],
			"to": [4, 18.6, 9],
			"rotation": {"angle": 0, "axis": "x", "origin": [3, 13.1, 8]},
			"faces": {
				"north": {"uv": [3.25, 3.75, 3.5, 5.125], "texture": "#0"},
				"east": {"uv": [3, 3.75, 3.25, 5.125], "texture": "#0"},
				"south": {"uv": [3.75, 3.75, 4, 5.125], "texture": "#0"},
				"west": {"uv": [3.5, 3.75, 3.75, 5.125], "texture": "#0"},
				"up": {"uv": [3.5, 3.75, 3.25, 3.5], "texture": "#0"},
				"down": {"uv": [3.75, 3.5, 3.5, 3.75], "texture": "#0"}
			}
		},
		{
			"from": [12, 7.6, 7],
			"to": [14, 18.6, 9],
			"rotation": {"angle": 0, "axis": "x", "origin": [11, 9.6, 8]},
			"faces": {
				"north": {"uv": [2.25, 3.625, 2.5, 5], "texture": "#0"},
				"east": {"uv": [2, 3.625, 2.25, 5], "texture": "#0"},
				"south": {"uv": [2.75, 3.625, 3, 5], "texture": "#0"},
				"west": {"uv": [2.5, 3.625, 2.75, 5], "texture": "#0"},
				"up": {"uv": [2.5, 3.625, 2.25, 3.375], "texture": "#0"},
				"down": {"uv": [2.75, 3.375, 2.5, 3.625], "texture": "#0"}
			}
		}
	],
	"display": {
		"thirdperson_righthand": {
			"rotation": [70, 180, 0],
			"translation": [0, 0, -7.25],
			"scale": [1.5, 1.5, 1.5]
		},
		"thirdperson_lefthand": {
			"rotation": [70, 180, 0],
			"translation": [0, 0, -7.25],
			"scale": [1.5, 1.5, 1.5]
		},
		"ground": {
			"translation": [0, 3.25, 0]
		},
		"gui": {
			"rotation": [20, 30, 0],
			"translation": [0, -4, 0],
			"scale": [0.8, 0.8, 0.8]
		},
		"head": {
			"rotation": [0, 180, 0],
			"translation": [0, -24, 0],
			"scale": [3, 3, 3]
		},
		"fixed": {
			"rotation": [-90, 0, 0],
			"translation": [0, 0, -20.75],
			"scale": [3, 3, 3]
		}
	},
	"groups": [
		{
			"name": "wheel",
			"origin": [8, 0, 8],
			"color": 0,
			"children": [0, 1, 2, 3, 4, 5]
		},
		{
			"name": "rims",
			"origin": [8, 0, 8],
			"color": 0,
			"children": [6, 7]
		},
		{
			"name": "torso",
			"origin": [8, 0, 8],
			"color": 0,
			"children": [8]
		},
		{
			"name": "head",
			"origin": [8, 0, 8],
			"color": 0,
			"children": [9, 10]
		},
		{
			"name": "arms",
			"origin": [8, 16.1, 12.5],
			"color": 0,
			"children": [11, 12]
		}
	]
}