{
	"credit": "Made with Blockbench",
	"texture_size": [32, 32],
	"textures": {
		"2": "palm:item/spelunker_hat"
	},
	"elements": [
		{
			"from": [4, 9, 4],
			"to": [12, 13, 12],
			"rotation": {"angle": 0, "axis": "y", "origin": [4, 9, 4]},
			"faces": {
				"north": {"uv": [8, 5.5, 12, 7.5], "texture": "#2"},
				"east": {"uv": [8, 7.5, 12, 9.5], "texture": "#2"},
				"south": {"uv": [0, 9.5, 4, 11.5], "texture": "#2"},
				"west": {"uv": [4, 9.5, 8, 11.5], "texture": "#2"},
				"up": {"uv": [4, 9.5, 0, 5.5], "texture": "#2"},
				"down": {"uv": [8, 5.5, 4, 9.5], "texture": "#2"}
			}
		},
		{
			"from": [3, 9, 2],
			"to": [13, 9, 13],
			"rotation": {"angle": 0, "axis": "y", "origin": [4, 9, 4]},
			"faces": {
				"north": {"uv": [0, 0, 5, 0], "texture": "#2"},
				"east": {"uv": [0, 0, 5.5, 0], "texture": "#2"},
				"south": {"uv": [0, 0, 5, 0], "texture": "#2"},
				"west": {"uv": [0, 0, 5.5, 0], "texture": "#2"},
				"up": {"uv": [5, 5.5, 0, 0], "texture": "#2"},
				"down": {"uv": [10, 0, 5, 5.5], "texture": "#2"}
			}
		},
		{
			"from": [6.5, 9, 3],
			"to": [9.5, 12, 4],
			"rotation": {"angle": 0, "axis": "y", "origin": [7.5, 9, 3]},
			"faces": {
				"north": {"uv": [8, 9.5, 9.5, 11], "texture": "#2"},
				"east": {"uv": [10, 4, 10.5, 5.5], "texture": "#2"},
				"south": {"uv": [9.5, 9.5, 11, 11], "texture": "#2"},
				"west": {"uv": [10.5, 4, 11, 5.5], "texture": "#2"},
				"up": {"uv": [12.5, 4.5, 11, 4], "texture": "#2"},
				"down": {"uv": [12.5, 4.5, 11, 5], "texture": "#2"}
			}
		},
		{
			"from": [4, 4.4, 5],
			"to": [4, 10.4, 6],
			"rotation": {"angle": 0, "axis": "y", "origin": [10, 7, 5]},
			"faces": {
				"north": {"uv": [0, 0, 0, 3], "texture": "#2"},
				"east": {"uv": [10, 1, 10.5, 4], "texture": "#2"},
				"south": {"uv": [0, 0, 0, 3], "texture": "#2"},
				"west": {"uv": [10.5, 1, 11, 4], "texture": "#2"},
				"up": {"uv": [0, 0.5, 0, 0], "texture": "#2"},
				"down": {"uv": [0, 0, 0, 0.5], "texture": "#2"}
			}
		},
		{
			"from": [12, 4.4, 5],
			"to": [12, 10.4, 6],
			"rotation": {"angle": 0, "axis": "y", "origin": [10, 7, 5]},
			"faces": {
				"north": {"uv": [0, 0, 0, 3], "texture": "#2"},
				"east": {"uv": [11, 1, 11.5, 4], "texture": "#2"},
				"south": {"uv": [0, 0, 0, 3], "texture": "#2"},
				"west": {"uv": [8, 11, 8.5, 14], "texture": "#2"},
				"up": {"uv": [0, 0.5, 0, 0], "texture": "#2"},
				"down": {"uv": [0, 0, 0, 0.5], "texture": "#2"}
			}
		},
		{
			"from": [4, 4.4, 5],
			"to": [12, 4.4, 6],
			"rotation": {"angle": 0, "axis": "y", "origin": [10, 7, 5]},
			"faces": {
				"north": {"uv": [0, 0, 4, 0], "texture": "#2"},
				"east": {"uv": [0, 0, 0.5, 0], "texture": "#2"},
				"south": {"uv": [0, 0, 4, 0], "texture": "#2"},
				"west": {"uv": [0, 0, 0.5, 0], "texture": "#2"},
				"up": {"uv": [14, 0.5, 10, 0], "texture": "#2"},
				"down": {"uv": [14, 0.5, 10, 1], "texture": "#2"}
			}
		},
		{
			"from": [8, 1.4, 5],
			"to": [8, 4.4, 6],
			"rotation": {"angle": 0, "axis": "y", "origin": [9.5, 1, 5]},
			"faces": {
				"north": {"uv": [0, 0, 0, 1.5], "texture": "#2"},
				"east": {"uv": [8.5, 11, 9, 12.5], "texture": "#2"},
				"south": {"uv": [0, 0, 0, 1.5], "texture": "#2"},
				"west": {"uv": [9, 11, 9.5, 12.5], "texture": "#2"},
				"up": {"uv": [0, 0.5, 0, 0], "texture": "#2"},
				"down": {"uv": [0, 0, 0, 0.5], "texture": "#2"}
			}
		}
	],
	"display": {
		"gui": {
			"rotation": [28, 171, 0],
			"translation": [0, -0.25, 0]
		},
		"head": {
			"scale": [1.9, 1.9, 1.9]
		},
		"fixed": {
			"rotation": [-90, 0, 0],
			"translation": [0, 0.25, 1],
			"scale": [2, 2, 2]
		}
	},
	"groups": [
		{
			"name": "group",
			"origin": [7.5, 1, 3],
			"color": 0,
			"children": [0, 1, 2]
		},
		3,
		4,
		5,
		6
	]
}