{
	"credit": "Made with Blockbench",
	"texture_size": [128, 128],
	"textures": {
		"0": "palm:item/bigtek",
		"particle": "palm:item/bigtek"
	},
	"elements": [
		{
			"from": [-10, 0, 5],
			"to": [25, 2, 13],
			"rotation": {"angle": 0, "axis": "y", "origin": [7, 0, 8]},
			"faces": {
				"north": {"uv": [6.875, 4, 10.75, 4.25], "texture": "#0"},
				"east": {"uv": [6.875, 5, 7.875, 5.25], "texture": "#0"},
				"south": {"uv": [6.875, 4.25, 10.75, 4.5], "texture": "#0"},
				"west": {"uv": [6.875, 5.25, 7.875, 5.5], "texture": "#0"},
				"up": {"uv": [7.75, 1, 3.875, 0], "texture": "#0"},
				"down": {"uv": [7.75, 1, 3.875, 2], "texture": "#0"}
			}
		},
		{
			"from": [-8, 2, 8],
			"to": [23, 30, 10],
			"rotation": {"angle": 0, "axis": "y", "origin": [7, 28, 8]},
			"faces": {
				"north": {"uv": [0, 0, 3.875, 3.5], "texture": "#0"},
				"east": {"uv": [0, 7, 0.25, 10.5], "texture": "#0"},
				"south": {"uv": [0, 3.5, 3.875, 7], "texture": "#0"},
				"west": {"uv": [0.25, 7, 0.5, 10.5], "texture": "#0"},
				"up": {"uv": [8.75, 6.75, 4.875, 6.5], "texture": "#0"},
				"down": {"uv": [8.75, 6.75, 4.875, 7], "texture": "#0"}
			}
		},
		{
			"from": [23, 2, 8],
			"to": [25, 28, 10],
			"rotation": {"angle": 0, "axis": "y", "origin": [9, 28, 8]},
			"faces": {
				"north": {"uv": [0.5, 7, 0.75, 10.25], "texture": "#0"},
				"east": {"uv": [0.75, 7, 1, 10.25], "texture": "#0"},
				"south": {"uv": [1, 7, 1.25, 10.25], "texture": "#0"},
				"west": {"uv": [1.25, 7, 1.5, 10.25], "texture": "#0"},
				"up": {"uv": [7.875, 8.75, 7.625, 8.5], "texture": "#0"},
				"down": {"uv": [8.125, 8.5, 7.875, 8.75], "texture": "#0"}
			}
		},
		{
			"from": [-10, 2, 8],
			"to": [-8, 28, 10],
			"rotation": {"angle": 0, "axis": "y", "origin": [-24, 28, 8]},
			"faces": {
				"north": {"uv": [1.5, 7, 1.75, 10.25], "texture": "#0"},
				"east": {"uv": [1.75, 7, 2, 10.25], "texture": "#0"},
				"south": {"uv": [2, 7, 2.25, 10.25], "texture": "#0"},
				"west": {"uv": [2.25, 7, 2.5, 10.25], "texture": "#0"},
				"up": {"uv": [8.875, 7.25, 8.625, 7], "texture": "#0"},
				"down": {"uv": [8.875, 7.25, 8.625, 7.5], "texture": "#0"}
			}
		}
	],
	"display": {
		"thirdperson_righthand": {
			"rotation": [62, 0, 0],
			"translation": [0, 0.5, 0]
		},
		"thirdperson_lefthand": {
			"rotation": [62, 0, 0],
			"translation": [0, 0.5, 0]
		},
		"firstperson_righthand": {
			"rotation": [62, 0, 0],
			"translation": [0, 0.5, 0]
		},
		"firstperson_lefthand": {
			"rotation": [62, 0, 0],
			"translation": [0, 0.5, 0]
		},
		"ground": {
			"translation": [0, 5.25, 0]
		},
		"gui": {
			"rotation": [20, -150, 0],
			"translation": [0, -3.5, 0],
			"scale": [0.4, 0.4, 0.4]
		},
		"head": {
			"translation": [0.5, -23, -11],
			"scale": [1.5, 1.5, 1.5]
		},
		"fixed": {
			"translation": [0, -15.75, -3.75],
			"scale": [3, 3, 3]
		}
	}
}