{
	"credit": "Made with Blockbench",
	"texture_size": [32, 32],
	"textures": {
		"1": "palm:item/pizza_slice_hawaiian",
		"particle": "palm:item/pizza_slice_hawaiian_particle"
	},
	"elements": [
		{
			"from": [13, 0, 3],
			"to": [15, 3, 13],
			"rotation": {"angle": 0, "axis": "y", "origin": [1, 0, 3]},
			"faces": {
				"north": {"uv": [5, 0, 6, 1.5], "texture": "#1"},
				"east": {"uv": [0, 0, 5, 1.5], "texture": "#1"},
				"south": {"uv": [5, 1.5, 6, 3], "texture": "#1"},
				"west": {"uv": [0, 1.5, 5, 3], "texture": "#1"},
				"up": {"uv": [7, 5, 6, 0], "texture": "#1"},
				"down": {"uv": [7, 5, 6, 10], "texture": "#1"}
			}
		},
		{
			"from": [10, 0, 4],
			"to": [13, 1, 12],
			"rotation": {"angle": 0, "axis": "y", "origin": [11, 0, 11]},
			"faces": {
				"north": {"uv": [1.5, 10, 3, 10.5], "texture": "#1"},
				"east": {"uv": [8.5, 0, 12.5, 0.5], "texture": "#1"},
				"south": {"uv": [3, 10, 4.5, 10.5], "texture": "#1"},
				"west": {"uv": [8.5, 0.5, 12.5, 1], "texture": "#1"},
				"up": {"uv": [1.5, 7, 0, 3], "texture": "#1"},
				"down": {"uv": [3, 3, 1.5, 7], "texture": "#1"}
			}
		},
		{
			"from": [7, 0, 5],
			"to": [10, 1, 11],
			"rotation": {"angle": 0, "axis": "y", "origin": [8, 0, 11]},
			"faces": {
				"north": {"uv": [4.5, 10, 6, 10.5], "texture": "#1"},
				"east": {"uv": [8.5, 3, 11.5, 3.5], "texture": "#1"},
				"south": {"uv": [6, 10, 7.5, 10.5], "texture": "#1"},
				"west": {"uv": [8.5, 3.5, 11.5, 4], "texture": "#1"},
				"up": {"uv": [3, 10, 1.5, 7], "texture": "#1"},
				"down": {"uv": [4.5, 7, 3, 10], "texture": "#1"}
			}
		},
		{
			"from": [4, 0, 6],
			"to": [7, 1, 10],
			"rotation": {"angle": 0, "axis": "y", "origin": [5, 0, 11]},
			"faces": {
				"north": {"uv": [7.5, 10, 9, 10.5], "texture": "#1"},
				"east": {"uv": [9, 9, 11, 9.5], "texture": "#1"},
				"south": {"uv": [10, 9.5, 11.5, 10], "texture": "#1"},
				"west": {"uv": [9.5, 4, 11.5, 4.5], "texture": "#1"},
				"up": {"uv": [8.5, 5, 7, 3], "texture": "#1"},
				"down": {"uv": [6, 7, 4.5, 9], "texture": "#1"}
			}
		},
		{
			"from": [2, 0, 7],
			"to": [4, 1, 9],
			"rotation": {"angle": 0, "axis": "y", "origin": [2, 0, 11]},
			"faces": {
				"north": {"uv": [3, 11, 4, 11.5], "texture": "#1"},
				"east": {"uv": [4, 11, 5, 11.5], "texture": "#1"},
				"south": {"uv": [5, 11, 6, 11.5], "texture": "#1"},
				"west": {"uv": [6, 11, 7, 11.5], "texture": "#1"},
				"up": {"uv": [10.5, 5.5, 9.5, 4.5], "texture": "#1"},
				"down": {"uv": [10.5, 5.5, 9.5, 6.5], "texture": "#1"}
			}
		},
		{
			"from": [4, 1, 6],
			"to": [7, 2, 10],
			"rotation": {"angle": 0, "axis": "y", "origin": [0, 1, 12]},
			"faces": {
				"north": {"uv": [1.5, 10.5, 3, 11], "texture": "#1"},
				"east": {"uv": [9.5, 6.5, 11.5, 7], "texture": "#1"},
				"south": {"uv": [3, 10.5, 4.5, 11], "texture": "#1"},
				"west": {"uv": [9.5, 7, 11.5, 7.5], "texture": "#1"},
				"up": {"uv": [8.5, 7, 7, 5], "texture": "#1"},
				"down": {"uv": [8.5, 7, 7, 9], "texture": "#1"}
			}
		},
		{
			"from": [10, 1, 4],
			"to": [13, 2, 12],
			"rotation": {"angle": 0, "axis": "y", "origin": [3, 1, 12]},
			"faces": {
				"north": {"uv": [10, 10, 11.5, 10.5], "texture": "#1"},
				"east": {"uv": [8.5, 1, 12.5, 1.5], "texture": "#1"},
				"south": {"uv": [0, 10.5, 1.5, 11], "texture": "#1"},
				"west": {"uv": [8.5, 1.5, 12.5, 2], "texture": "#1"},
				"up": {"uv": [4.5, 7, 3, 3], "texture": "#1"},
				"down": {"uv": [6, 3, 4.5, 7], "texture": "#1"}
			}
		},
		{
			"from": [2, 1, 7],
			"to": [4, 2, 9],
			"rotation": {"angle": 0, "axis": "y", "origin": [-6, 1, 12]},
			"faces": {
				"north": {"uv": [7, 11, 8, 11.5], "texture": "#1"},
				"east": {"uv": [8, 11, 9, 11.5], "texture": "#1"},
				"south": {"uv": [11, 8.5, 12, 9], "texture": "#1"},
				"west": {"uv": [9, 11, 10, 11.5], "texture": "#1"},
				"up": {"uv": [10.5, 8.5, 9.5, 7.5], "texture": "#1"},
				"down": {"uv": [10, 9.5, 9, 10.5], "texture": "#1"}
			}
		},
		{
			"from": [7, 1, 5],
			"to": [10, 2, 11],
			"rotation": {"angle": 0, "axis": "y", "origin": [3, 1, 12]},
			"faces": {
				"north": {"uv": [9.5, 8.5, 11, 9], "texture": "#1"},
				"east": {"uv": [8.5, 2, 11.5, 2.5], "texture": "#1"},
				"south": {"uv": [0, 10, 1.5, 10.5], "texture": "#1"},
				"west": {"uv": [8.5, 2.5, 11.5, 3], "texture": "#1"},
				"up": {"uv": [1.5, 10, 0, 7], "texture": "#1"},
				"down": {"uv": [8.5, 0, 7, 3], "texture": "#1"}
			}
		},
		{
			"from": [10.3, 2, 5.1],
			"to": [12.3, 2.4, 7.1],
			"rotation": {"angle": 0, "axis": "y", "origin": [10.3, 2, 5.1]},
			"faces": {
				"north": {"uv": [4.5, 10.5, 5.5, 11], "texture": "#1"},
				"east": {"uv": [10.5, 4.5, 11.5, 5], "texture": "#1"},
				"south": {"uv": [10.5, 5, 11.5, 5.5], "texture": "#1"},
				"west": {"uv": [5.5, 10.5, 6.5, 11], "texture": "#1"},
				"up": {"uv": [9.5, 5, 8.5, 4], "texture": "#1"},
				"down": {"uv": [9.5, 5, 8.5, 6], "texture": "#1"}
			}
		},
		{
			"from": [6, 2, 6.5],
			"to": [8, 2.4, 8.5],
			"rotation": {"angle": 0, "axis": "y", "origin": [6, 2, 6.5]},
			"faces": {
				"north": {"uv": [10.5, 5.5, 11.5, 6], "texture": "#1"},
				"east": {"uv": [10.5, 6, 11.5, 6.5], "texture": "#1"},
				"south": {"uv": [6.5, 10.5, 7.5, 11], "texture": "#1"},
				"west": {"uv": [7.5, 10.5, 8.5, 11], "texture": "#1"},
				"up": {"uv": [9.5, 7, 8.5, 6], "texture": "#1"},
				"down": {"uv": [9.5, 7, 8.5, 8], "texture": "#1"}
			}
		},
		{
			"from": [3, 2, 7.1],
			"to": [5, 2.4, 9.1],
			"rotation": {"angle": 0, "axis": "y", "origin": [3, 2, 7.1]},
			"faces": {
				"north": {"uv": [10.5, 7.5, 11.5, 8], "texture": "#1"},
				"east": {"uv": [10.5, 8, 11.5, 8.5], "texture": "#1"},
				"south": {"uv": [8.5, 10.5, 9.5, 11], "texture": "#1"},
				"west": {"uv": [9.5, 10.5, 10.5, 11], "texture": "#1"},
				"up": {"uv": [9.5, 9, 8.5, 8], "texture": "#1"},
				"down": {"uv": [5.5, 9, 4.5, 10], "texture": "#1"}
			}
		},
		{
			"from": [8.9, 2, 8.4],
			"to": [10.9, 2.4, 10.4],
			"rotation": {"angle": 0, "axis": "y", "origin": [8.9, 2, 8.4]},
			"faces": {
				"north": {"uv": [10.5, 10.5, 11.5, 11], "texture": "#1"},
				"east": {"uv": [0, 11, 1, 11.5], "texture": "#1"},
				"south": {"uv": [1, 11, 2, 11.5], "texture": "#1"},
				"west": {"uv": [2, 11, 3, 11.5], "texture": "#1"},
				"up": {"uv": [8, 10, 7, 9], "texture": "#1"},
				"down": {"uv": [9, 9, 8, 10], "texture": "#1"}
			}
		},
		{
			"from": [8.5, 2, 7.5],
			"to": [9.9, 2.5, 8.2],
			"rotation": {"angle": 22.5, "axis": "y", "origin": [8.5, 2, 7.5]},
			"faces": {
				"north": {"uv": [13, 11.5, 13.7, 11.75], "texture": "#1"},
				"east": {"uv": [13, 11.5, 13.35, 11.75], "texture": "#1"},
				"south": {"uv": [13, 11.5, 13.7, 11.75], "texture": "#1"},
				"west": {"uv": [13, 11.5, 13.35, 11.75], "texture": "#1"},
				"up": {"uv": [13, 11.5, 13.7, 11.85], "texture": "#1"},
				"down": {"uv": [13, 11.5, 13.7, 11.85], "texture": "#1"}
			}
		},
		{
			"from": [10.8, 2, 9.5],
			"to": [11.5, 2.5, 10.9],
			"rotation": {"angle": 22.5, "axis": "y", "origin": [11.5, 2, 9.5]},
			"faces": {
				"north": {"uv": [13, 11.5, 13.35, 11.75], "texture": "#1"},
				"east": {"uv": [13, 11.5, 13.7, 11.75], "texture": "#1"},
				"south": {"uv": [13, 11.5, 13.35, 11.75], "texture": "#1"},
				"west": {"uv": [13, 11.5, 13.7, 11.75], "texture": "#1"},
				"up": {"uv": [13, 11.5, 13.7, 11.85], "rotation": 90, "texture": "#1"},
				"down": {"uv": [13, 11.5, 13.7, 11.85], "rotation": 270, "texture": "#1"}
			}
		},
		{
			"from": [6.8, 2, 8.5],
			"to": [7.5, 2.5, 9.9],
			"rotation": {"angle": 22.5, "axis": "y", "origin": [7.5, 2, 8.5]},
			"faces": {
				"north": {"uv": [13, 11.5, 13.35, 11.75], "texture": "#1"},
				"east": {"uv": [13, 11.5, 13.7, 11.75], "texture": "#1"},
				"south": {"uv": [13, 11.5, 13.35, 11.75], "texture": "#1"},
				"west": {"uv": [13, 11.5, 13.7, 11.75], "texture": "#1"},
				"up": {"uv": [13, 11.5, 13.7, 11.85], "rotation": 90, "texture": "#1"},
				"down": {"uv": [13, 11.5, 13.7, 11.85], "rotation": 270, "texture": "#1"}
			}
		},
		{
			"from": [5.5, 2, 6.9],
			"to": [6.2, 2.5, 7.9],
			"rotation": {"angle": -45, "axis": "y", "origin": [6.2, 2, 6.5]},
			"faces": {
				"north": {"uv": [13, 11.5, 13.35, 11.75], "texture": "#1"},
				"east": {"uv": [13, 11.5, 13.7, 11.75], "texture": "#1"},
				"south": {"uv": [13, 11.5, 13.35, 11.75], "texture": "#1"},
				"west": {"uv": [13, 11.5, 13.7, 11.75], "texture": "#1"},
				"up": {"uv": [13, 11.5, 13.7, 11.85], "rotation": 90, "texture": "#1"},
				"down": {"uv": [13, 11.5, 13.7, 11.85], "rotation": 270, "texture": "#1"}
			}
		},
		{
			"from": [8.5, 2, 5.8],
			"to": [9.5, 2.5, 6.5],
			"rotation": {"angle": -22.5, "axis": "y", "origin": [9.9, 2, 6.5]},
			"faces": {
				"north": {"uv": [13, 11.5, 13.7, 11.75], "texture": "#1"},
				"east": {"uv": [13, 11.5, 13.35, 11.75], "texture": "#1"},
				"south": {"uv": [13, 11.5, 13.7, 11.75], "texture": "#1"},
				"west": {"uv": [13, 11.5, 13.35, 11.75], "texture": "#1"},
				"up": {"uv": [13, 11.5, 13.7, 11.85], "rotation": 180, "texture": "#1"},
				"down": {"uv": [13, 11.5, 13.7, 11.85], "rotation": 180, "texture": "#1"}
			}
		}
	],
	"display": {
		"thirdperson_righthand": {
			"translation": [-1.25, 4.75, 0.25],
			"scale": [0.6, 0.6, 0.6]
		},
		"thirdperson_lefthand": {
			"translation": [1.25, 4.75, 0.25],
			"scale": [0.6, 0.6, 0.6]
		},
		"firstperson_righthand": {
			"rotation": [20, 0, 0],
			"translation": [-1.25, 5.25, 0.25],
			"scale": [0.6, 0.6, 0.6]
		},
		"firstperson_lefthand": {
			"rotation": [20, -180, 0],
			"translation": [-1.25, 5.25, 0.25],
			"scale": [0.6, 0.6, 0.6]
		},
		"ground": {
			"translation": [0, 5.75, 0]
		},
		"gui": {
			"rotation": [45, 45, 0],
			"translation": [-1.5, 3, 0],
			"scale": [0.9, 0.9, 0.9]
		},
		"head": {
			"rotation": [-90, 0, 0],
			"translation": [-11.5, 15.25, -9.25],
			"scale": [2, 2, 2]
		},
		"fixed": {
			"rotation": [-90, 0, 0],
			"translation": [0, 0, -14],
			"scale": [2, 2, 2]
		}
	},
	"groups": [
		{
			"name": "crust",
			"origin": [1, 0, 1],
			"color": 0,
			"children": [0, 1, 2, 3, 4]
		},
		{
			"name": "inner",
			"origin": [8, 8, 8],
			"color": 0,
			"children": [5, 6, 7, 8]
		},
		{
			"name": "pepperoni",
			"origin": [8, 8, 8],
			"color": 0,
			"children": [9, 10, 11, 12]
		},
		13,
		14,
		15,
		16,
		17
	]
}