{
	"credit": "Made with Blockbench",
	"texture_size": [64, 64],
	"textures": {
		"1": "palm:item/plunger"
	},
	"elements": [
		{
			"from": [4.5, 0, 4.5],
			"to": [11.5, 1, 11.5],
			"faces": {
				"north": {"uv": [5.25, 0, 7, 0.25], "texture": "#1"},
				"east": {"uv": [5.25, 0.5, 7, 0.75], "texture": "#1"},
				"south": {"uv": [5.25, 1, 7, 1.25], "texture": "#1"},
				"west": {"uv": [5.25, 1.5, 7, 1.75], "texture": "#1"},
				"up": {"uv": [1.75, 1.75, 0, 0], "texture": "#1"},
				"down": {"uv": [1.75, 2, 0, 3.75], "texture": "#1"}
			}
		},
		{
			"from": [5, 1, 5],
			"to": [11, 4, 11],
			"faces": {
				"north": {"uv": [3.75, 2.5, 5.25, 3.25], "texture": "#1"},
				"east": {"uv": [3, 5, 4.5, 5.75], "texture": "#1"},
				"south": {"uv": [5, 3.5, 6.5, 4.25], "texture": "#1"},
				"west": {"uv": [5, 4.5, 6.5, 5.25], "texture": "#1"},
				"up": {"uv": [3.5, 1.5, 2, 0], "texture": "#1"},
				"down": {"uv": [3.5, 1.75, 2, 3.25], "texture": "#1"}
			}
		},
		{
			"from": [7, 4, 7],
			"to": [9, 5, 9],
			"rotation": {"angle": -45, "axis": "y", "origin": [8, 4.5, 8]},
			"faces": {
				"north": {"uv": [5.25, 5.5, 5.75, 5.75], "texture": "#1"},
				"east": {"uv": [3, 6, 3.5, 6.25], "texture": "#1"},
				"south": {"uv": [3.75, 6, 4.25, 6.25], "texture": "#1"},
				"west": {"uv": [5.25, 6, 5.75, 6.25], "texture": "#1"},
				"up": {"uv": [6, 2.5, 5.5, 2], "texture": "#1"},
				"down": {"uv": [6, 2.75, 5.5, 3.25], "texture": "#1"}
			}
		},
		{
			"from": [7.5, 4.5, 7.5],
			"to": [8.5, 21.5, 8.5],
			"rotation": {"angle": 0, "axis": "y", "origin": [0, 0.5, 0]},
			"faces": {
				"north": {"uv": [0, 5.25, 0.25, 9.5], "texture": "#1"},
				"east": {"uv": [0.5, 5.25, 0.75, 9.5], "texture": "#1"},
				"south": {"uv": [1, 5.25, 1.25, 9.5], "texture": "#1"},
				"west": {"uv": [4.75, 5.5, 5, 9.75], "texture": "#1"},
				"up": {"uv": [1.75, 4.25, 1.5, 4], "texture": "#1"},
				"down": {"uv": [1.75, 4.5, 1.5, 4.75], "texture": "#1"}
			}
		},
		{
			"from": [10.5, 3.995, 10.5],
			"to": [5.5, -0.005, 5.5],
			"faces": {
				"north": {"uv": [3.75, 0, 5, 1], "texture": "#1"},
				"east": {"uv": [3.75, 1.25, 5, 2.25], "texture": "#1"},
				"south": {"uv": [0, 4, 1.25, 5], "texture": "#1"},
				"west": {"uv": [1.5, 5, 2.75, 6], "texture": "#1"},
				"up": {"uv": [3.25, 4.75, 2, 3.5], "texture": "#1"},
				"down": {"uv": [4.75, 3.5, 3.5, 4.75], "texture": "#1"}
			}
		}
	],
	"display": {
		"thirdperson_righthand": {
			"rotation": [-180, -90, 0],
			"translation": [0, 6.5, 1.5]
		},
		"thirdperson_lefthand": {
			"rotation": [-180, 90, 0],
			"translation": [0, 6.5, 1.5]
		},
		"firstperson_righthand": {
			"rotation": [150, -46, -1],
			"translation": [0, 0, -5]
		},
		"firstperson_lefthand": {
			"rotation": [150, -46, -1],
			"translation": [0, 0, -5]
		},
		"ground": {
			"translation": [0, 4.5, 0]
		},
		"gui": {
			"rotation": [-180, -45, 30],
			"translation": [0, 1.25, 0],
			"scale": [0.75, 0.75, 0.75]
		},
		"head": {
			"rotation": [-90, 0, 0],
			"translation": [0, 0.25, -19.25],
			"scale": [1.6, 1.6, 1.6]
		},
		"fixed": {
			"rotation": [-90, 0, 0],
			"translation": [0.0011, 0, -22.75],
			"scale": [3, 3, 3]
		}
	}
}