{
	"credit": "Made with Blockbench",
	"textures": {
		"3": "palm:item/dagger2"
	},
	"elements": [
		{
			"from": [7.02782, 0.5, 7.5],
			"to": [9.02782, 5.5, 8.5],
			"rotation": {"angle": 0, "axis": "y", "origin": [8.01391, 7.93116, 8]},
			"faces": {
				"north": {"uv": [10, 4, 5, 6], "rotation": 270, "texture": "#3"},
				"east": {"uv": [5, 8, 10, 9], "rotation": 270, "texture": "#3"},
				"south": {"uv": [5, 6, 0, 4], "rotation": 270, "texture": "#3"},
				"west": {"uv": [0, 8, 5, 9], "rotation": 90, "texture": "#3"},
				"up": {"uv": [10, 8, 12, 9], "rotation": 180, "texture": "#3"},
				"down": {"uv": [10, 9, 12, 10], "texture": "#3"}
			}
		},
		{
			"from": [1.76912, 1.6667, 7],
			"to": [3.76912, 3.6667, 9],
			"rotation": {"angle": 45, "axis": "z", "origin": [8.01391, 7.93116, 8]},
			"faces": {
				"north": {"uv": [12, 6, 10, 8], "rotation": 270, "texture": "#3"},
				"east": {"uv": [6, 9, 8, 11], "rotation": 270, "texture": "#3"},
				"south": {"uv": [12, 6, 10, 4], "rotation": 270, "texture": "#3"},
				"west": {"uv": [2, 9, 4, 11], "rotation": 90, "texture": "#3"},
				"up": {"uv": [4, 9, 6, 11], "rotation": 180, "texture": "#3"},
				"down": {"uv": [8, 9, 10, 11], "texture": "#3"}
			}
		},
		{
			"from": [6.33325, 5.3077, 7],
			"to": [11.33325, 6.3077, 9],
			"rotation": {"angle": -22.5, "axis": "z", "origin": [8.01391, 7.93116, 8]},
			"faces": {
				"north": {"uv": [2, 9, 1, 14], "rotation": 270, "texture": "#3"},
				"east": {"uv": [2, 11, 3, 13], "rotation": 270, "texture": "#3"},
				"south": {"uv": [1, 14, 0, 9], "rotation": 270, "texture": "#3"},
				"west": {"uv": [10, 10, 11, 12], "rotation": 90, "texture": "#3"},
				"up": {"uv": [0, 6, 5, 8], "rotation": 180, "texture": "#3"},
				"down": {"uv": [5, 6, 10, 8], "texture": "#3"}
			}
		},
		{
			"from": [7.02782, 5.5, 8],
			"to": [9.02782, 18.5, 8],
			"rotation": {"angle": 0, "axis": "y", "origin": [8.01391, 7.93116, 8]},
			"faces": {
				"north": {"uv": [13, 2, 0, 4], "rotation": 270, "texture": "#3"},
				"east": {"uv": [0, 0, 13, 0], "rotation": 270, "texture": "#3"},
				"south": {"uv": [13, 2, 0, 0], "rotation": 270, "texture": "#3"},
				"west": {"uv": [0, 0, 13, 0], "rotation": 90, "texture": "#3"},
				"up": {"uv": [0, 0, 2, 0], "rotation": 180, "texture": "#3"},
				"down": {"uv": [0, 0, 2, 0], "texture": "#3"}
			}
		},
		{
			"from": [14.78994, 14.68751, 8],
			"to": [16.20415, 16.10173, 8],
			"rotation": {"angle": 45, "axis": "z", "origin": [8.01391, 7.93116, 8]},
			"faces": {
				"north": {"uv": [5, 11, 4, 12], "rotation": 270, "texture": "#3"},
				"east": {"uv": [0, 0, 1, 0], "rotation": 270, "texture": "#3"},
				"south": {"uv": [4, 12, 3, 11], "rotation": 270, "texture": "#3"},
				"west": {"uv": [0, 0, 1, 0], "rotation": 90, "texture": "#3"},
				"up": {"uv": [0, 0, 1, 0], "rotation": 180, "texture": "#3"},
				"down": {"uv": [0, 0, 1, 0], "texture": "#3"}
			}
		}
	],
	"display": {
		"thirdperson_righthand": {
			"rotation": [0, -90, 0],
			"translation": [0, 4, 2]
		},
		"thirdperson_lefthand": {
			"rotation": [0, -90, 0],
			"translation": [0, 4, 2]
		},
		"firstperson_righthand": {
			"rotation": [0, -90, 0],
			"translation": [0, 4, 2]
		},
		"firstperson_lefthand": {
			"rotation": [0, -90, 0],
			"translation": [0, 4, 2]
		},
		"ground": {
			"translation": [0, 5.5, 0]
		},
		"gui": {
			"rotation": [12, 180, 45],
			"translation": [-0.5, -0.75, 0],
			"scale": [0.8, 0.8, 0.85]
		},
		"fixed": {
			"translation": [0, -1, -1],
			"scale": [2, 2, 2]
		}
	},
	"groups": [
		{
			"name": "group",
			"origin": [6.08579, 18, 8.5],
			"color": 0,
			"children": [0, 1, 2, 3, 4]
		}
	]
}