{
	"credit": "Made with Blockbench",
	"texture_size": [64, 64],
	"textures": {
		"2": "palm:item/table1",
		"particle": "palm:item/table1"
	},
	"elements": [
		{
			"from": [6.5, 6, 6.5],
			"to": [9.5, 10, 9.5],
			"rotation": {"angle": 45, "axis": "y", "origin": [8, 9, 8]},
			"faces": {
				"north": {"uv": [6.25, 11, 7, 12], "texture": "#2"},
				"east": {"uv": [7, 11, 7.75, 12], "texture": "#2"},
				"south": {"uv": [9, 11, 9.75, 12], "texture": "#2"},
				"west": {"uv": [9.75, 11, 10.5, 12], "texture": "#2"},
				"up": {"uv": [11, 12.75, 10.25, 12], "texture": "#2"},
				"down": {"uv": [11.75, 12, 11, 12.75], "texture": "#2"}
			}
		},
		{
			"from": [5.5, 13, 5.5],
			"to": [10.5, 15, 10.5],
			"rotation": {"angle": 45, "axis": "y", "origin": [8, 9, 8]},
			"faces": {
				"north": {"uv": [4.5, 11.25, 5.75, 11.75], "texture": "#2"},
				"east": {"uv": [7.75, 11.25, 9, 11.75], "texture": "#2"},
				"south": {"uv": [10.5, 11.5, 11.75, 12], "texture": "#2"},
				"west": {"uv": [0, 11.75, 1.25, 12.25], "texture": "#2"},
				"up": {"uv": [1.25, 11.25, 0, 10], "texture": "#2"},
				"down": {"uv": [2.5, 10, 1.25, 11.25], "texture": "#2"}
			}
		},
		{
			"from": [5.5, 3, 5.5],
			"to": [10.5, 6, 10.5],
			"rotation": {"angle": 45, "axis": "y", "origin": [8, 9, 8]},
			"faces": {
				"north": {"uv": [11, 3, 12.25, 3.75], "texture": "#2"},
				"east": {"uv": [11, 3.75, 12.25, 4.5], "texture": "#2"},
				"south": {"uv": [11, 4.5, 12.25, 5.25], "texture": "#2"},
				"west": {"uv": [11, 5.25, 12.25, 6], "texture": "#2"},
				"up": {"uv": [3.75, 11.25, 2.5, 10], "texture": "#2"},
				"down": {"uv": [5, 10, 3.75, 11.25], "texture": "#2"}
			}
		},
		{
			"from": [5.5, 10, 5.5],
			"to": [10.5, 12, 10.5],
			"rotation": {"angle": 45, "axis": "y", "origin": [8, 9, 8]},
			"faces": {
				"north": {"uv": [1.25, 11.75, 2.5, 12.25], "texture": "#2"},
				"east": {"uv": [2.5, 11.75, 3.75, 12.25], "texture": "#2"},
				"south": {"uv": [3.75, 11.75, 5, 12.25], "texture": "#2"},
				"west": {"uv": [5, 11.75, 6.25, 12.25], "texture": "#2"},
				"up": {"uv": [6.25, 11.25, 5, 10], "texture": "#2"},
				"down": {"uv": [9, 10, 7.75, 11.25], "texture": "#2"}
			}
		},
		{
			"from": [6.5, 12, 6.5],
			"to": [9.5, 13, 9.5],
			"rotation": {"angle": 45, "axis": "y", "origin": [8, 9, 8]},
			"faces": {
				"north": {"uv": [3.75, 12.75, 4.5, 13], "texture": "#2"},
				"east": {"uv": [12.75, 4.75, 13.5, 5], "texture": "#2"},
				"south": {"uv": [12.75, 5, 13.5, 5.25], "texture": "#2"},
				"west": {"uv": [12.75, 5.25, 13.5, 5.5], "texture": "#2"},
				"up": {"uv": [12.5, 12.75, 11.75, 12], "texture": "#2"},
				"down": {"uv": [0.75, 12.25, 0, 13], "texture": "#2"}
			}
		},
		{
			"from": [-6, 15, 0],
			"to": [22, 17, 16],
			"rotation": {"angle": 0, "axis": "y", "origin": [0, 1, 0]},
			"faces": {
				"north": {"uv": [7, 6, 14, 6.5], "texture": "#2"},
				"east": {"uv": [7.75, 9, 11.75, 9.5], "texture": "#2"},
				"south": {"uv": [7, 6.5, 14, 7], "texture": "#2"},
				"west": {"uv": [7.75, 9.5, 11.75, 10], "texture": "#2"},
				"up": {"uv": [7, 4, 0, 0], "texture": "#2"},
				"down": {"uv": [7, 4, 0, 8], "texture": "#2"}
			}
		},
		{
			"from": [0, 15, -6],
			"to": [16, 17, 0],
			"rotation": {"angle": 0, "axis": "y", "origin": [0, 1, 0]},
			"faces": {
				"north": {"uv": [9.75, 7, 13.75, 7.5], "texture": "#2"},
				"east": {"uv": [11, 10, 12.5, 10.5], "texture": "#2"},
				"south": {"uv": [9.75, 7.5, 13.75, 8], "texture": "#2"},
				"west": {"uv": [10.5, 11, 12, 11.5], "texture": "#2"},
				"up": {"uv": [11, 1.5, 7, 0], "texture": "#2"},
				"down": {"uv": [11, 1.5, 7, 3], "texture": "#2"}
			}
		},
		{
			"from": [0, 15, 16],
			"to": [16, 17, 22],
			"rotation": {"angle": 0, "axis": "y", "origin": [0, 1, 0]},
			"faces": {
				"north": {"uv": [9.75, 8, 13.75, 8.5], "texture": "#2"},
				"east": {"uv": [11, 10.5, 12.5, 11], "texture": "#2"},
				"south": {"uv": [9.75, 8.5, 13.75, 9], "texture": "#2"},
				"west": {"uv": [0, 11.25, 1.5, 11.75], "texture": "#2"},
				"up": {"uv": [11, 4.5, 7, 3], "texture": "#2"},
				"down": {"uv": [11, 4.5, 7, 6], "texture": "#2"}
			}
		},
		{
			"from": [-6, 15.01, 16],
			"to": [-0.5, 16.99, 24.48528],
			"rotation": {"angle": 45, "axis": "y", "origin": [-6, 15.9505, 16]},
			"faces": {
				"north": {"uv": [1.5, 11.25, 3, 11.75], "texture": "#2"},
				"east": {"uv": [9, 10, 11, 10.5], "texture": "#2"},
				"south": {"uv": [3, 11.25, 4.5, 11.75], "texture": "#2"},
				"west": {"uv": [9, 10.5, 11, 11], "texture": "#2"},
				"up": {"uv": [8.5, 9, 7, 7], "texture": "#2"},
				"down": {"uv": [1.5, 8, 0, 10], "texture": "#2"}
			}
		},
		{
			"from": [15, 15.01, 15.17157],
			"to": [20, 16.99, 23.65685],
			"rotation": {"angle": -45, "axis": "y", "origin": [20, 15.9505, 18]},
			"faces": {
				"north": {"uv": [7.75, 11.75, 9, 12.25], "texture": "#2"},
				"east": {"uv": [11, 0, 13, 0.5], "texture": "#2"},
				"south": {"uv": [11.75, 9, 13, 9.5], "texture": "#2"},
				"west": {"uv": [11, 0.5, 13, 1], "texture": "#2"},
				"up": {"uv": [2.75, 10, 1.5, 8], "texture": "#2"},
				"down": {"uv": [4, 8, 2.75, 10], "texture": "#2"}
			}
		},
		{
			"from": [17, 15.01, -8.48528],
			"to": [22, 16.99, 0],
			"rotation": {"angle": 45, "axis": "y", "origin": [22, 15.9505, 0]},
			"faces": {
				"north": {"uv": [11.75, 9.5, 13, 10], "texture": "#2"},
				"east": {"uv": [11, 1, 13, 1.5], "texture": "#2"},
				"south": {"uv": [11.75, 11.5, 13, 12], "texture": "#2"},
				"west": {"uv": [11, 1.5, 13, 2], "texture": "#2"},
				"up": {"uv": [5.25, 10, 4, 8], "texture": "#2"},
				"down": {"uv": [6.5, 8, 5.25, 10], "texture": "#2"}
			}
		},
		{
			"from": [-4, 15.01, -7.65685],
			"to": [1, 16.99, 0.82843],
			"rotation": {"angle": -45, "axis": "y", "origin": [-4, 15.9505, -2]},
			"faces": {
				"north": {"uv": [6.25, 12, 7.5, 12.5], "texture": "#2"},
				"east": {"uv": [11, 2, 13, 2.5], "texture": "#2"},
				"south": {"uv": [9, 12, 10.25, 12.5], "texture": "#2"},
				"west": {"uv": [11, 2.5, 13, 3], "texture": "#2"},
				"up": {"uv": [9.75, 9, 8.5, 7], "texture": "#2"},
				"down": {"uv": [7.75, 9, 6.5, 11], "texture": "#2"}
			}
		},
		{
			"from": [1, 2.24264, 7.5],
			"to": [5, 4.24264, 8.5],
			"rotation": {"angle": 45, "axis": "z", "origin": [5, 4.24264, 7.5]},
			"faces": {
				"north": {"uv": [12, 11, 13, 11.5], "texture": "#2"},
				"east": {"uv": [4.5, 12.75, 4.75, 13.25], "texture": "#2"},
				"south": {"uv": [0.75, 12.25, 1.75, 12.75], "texture": "#2"},
				"west": {"uv": [5.75, 12.75, 6, 13.25], "texture": "#2"},
				"up": {"uv": [13.25, 4.75, 12.25, 4.5], "texture": "#2"},
				"down": {"uv": [5.75, 12.25, 4.75, 12.5], "texture": "#2"}
			}
		},
		{
			"from": [1.58579, 0, 7],
			"to": [3.58579, 2, 9],
			"rotation": {"angle": 0, "axis": "y", "origin": [3.58579, -0.74264, 8.5]},
			"faces": {
				"north": {"uv": [6.5, 8, 7, 8.5], "texture": "#2"},
				"east": {"uv": [6.5, 8.5, 7, 9], "texture": "#2"},
				"south": {"uv": [5.75, 11.25, 6.25, 11.75], "texture": "#2"},
				"west": {"uv": [12.25, 4.75, 12.75, 5.25], "texture": "#2"},
				"up": {"uv": [12.75, 5.75, 12.25, 5.25], "texture": "#2"},
				"down": {"uv": [6.25, 12.25, 5.75, 12.75], "texture": "#2"}
			}
		},
		{
			"from": [11, 2.24264, 7.5],
			"to": [15, 4.24264, 8.5],
			"rotation": {"angle": -45, "axis": "z", "origin": [11, 4.24264, 7.5]},
			"faces": {
				"north": {"uv": [1.75, 12.25, 2.75, 12.75], "texture": "#2"},
				"east": {"uv": [6, 12.75, 6.25, 13.25], "texture": "#2"},
				"south": {"uv": [2.75, 12.25, 3.75, 12.75], "texture": "#2"},
				"west": {"uv": [8.5, 12.75, 8.75, 13.25], "texture": "#2"},
				"up": {"uv": [13.25, 6, 12.25, 5.75], "texture": "#2"},
				"down": {"uv": [8.5, 12.25, 7.5, 12.5], "texture": "#2"}
			}
		},
		{
			"from": [12.41421, 0, 7],
			"to": [14.41421, 2, 9],
			"rotation": {"angle": 0, "axis": "y", "origin": [12.41421, -0.74264, 8.5]},
			"faces": {
				"north": {"uv": [8.5, 12.25, 9, 12.75], "texture": "#2"},
				"east": {"uv": [4.75, 12.5, 5.25, 13], "texture": "#2"},
				"south": {"uv": [5.25, 12.5, 5.75, 13], "texture": "#2"},
				"west": {"uv": [6.25, 12.5, 6.75, 13], "texture": "#2"},
				"up": {"uv": [7.25, 13, 6.75, 12.5], "texture": "#2"},
				"down": {"uv": [7.75, 12.5, 7.25, 13], "texture": "#2"}
			}
		},
		{
			"from": [7.5, 2.24264, 11],
			"to": [8.5, 4.24264, 15],
			"rotation": {"angle": 45, "axis": "x", "origin": [8.5, 4.24264, 11]},
			"faces": {
				"north": {"uv": [8.75, 12.75, 9, 13.25], "texture": "#2"},
				"east": {"uv": [12.25, 3, 13.25, 3.5], "texture": "#2"},
				"south": {"uv": [10.25, 12.75, 10.5, 13.25], "texture": "#2"},
				"west": {"uv": [12.25, 3.5, 13.25, 4], "texture": "#2"},
				"up": {"uv": [6.5, 11, 6.25, 10], "texture": "#2"},
				"down": {"uv": [8, 12.5, 7.75, 13.5], "texture": "#2"}
			}
		},
		{
			"from": [7, 0, 12.41421],
			"to": [9, 2, 14.41421],
			"rotation": {"angle": 0, "axis": "y", "origin": [7.5, -0.74264, 12.41421]},
			"faces": {
				"north": {"uv": [8, 12.5, 8.5, 13], "texture": "#2"},
				"east": {"uv": [9, 12.5, 9.5, 13], "texture": "#2"},
				"south": {"uv": [9.5, 12.5, 10, 13], "texture": "#2"},
				"west": {"uv": [12.5, 10, 13, 10.5], "texture": "#2"},
				"up": {"uv": [13, 11, 12.5, 10.5], "texture": "#2"},
				"down": {"uv": [13, 12, 12.5, 12.5], "texture": "#2"}
			}
		},
		{
			"from": [7.5, 2.24264, 1],
			"to": [8.5, 4.24264, 5],
			"rotation": {"angle": -45, "axis": "x", "origin": [8.5, 4.24264, 5]},
			"faces": {
				"north": {"uv": [10.5, 12.75, 10.75, 13.25], "texture": "#2"},
				"east": {"uv": [3.75, 12.25, 4.75, 12.75], "texture": "#2"},
				"south": {"uv": [10.75, 12.75, 11, 13.25], "texture": "#2"},
				"west": {"uv": [12.25, 4, 13.25, 4.5], "texture": "#2"},
				"up": {"uv": [10.25, 13.5, 10, 12.5], "texture": "#2"},
				"down": {"uv": [12.75, 12.5, 12.5, 13.5], "texture": "#2"}
			}
		},
		{
			"from": [7, 0, 1.58579],
			"to": [9, 2, 3.58579],
			"rotation": {"angle": 0, "axis": "y", "origin": [7.5, -0.74264, 3.58579]},
			"faces": {
				"north": {"uv": [0.75, 12.75, 1.25, 13.25], "texture": "#2"},
				"east": {"uv": [1.25, 12.75, 1.75, 13.25], "texture": "#2"},
				"south": {"uv": [1.75, 12.75, 2.25, 13.25], "texture": "#2"},
				"west": {"uv": [2.25, 12.75, 2.75, 13.25], "texture": "#2"},
				"up": {"uv": [3.25, 13.25, 2.75, 12.75], "texture": "#2"},
				"down": {"uv": [3.75, 12.75, 3.25, 13.25], "texture": "#2"}
			}
		}
	],
	"display": {
		"firstperson_righthand": {
			"scale": [0.6, 0.6, 0.6]
		},
		"firstperson_lefthand": {
			"scale": [0.6, 0.6, 0.6]
		},
		"ground": {
			"translation": [0, 4.5, 0]
		},
		"fixed": {
			"rotation": [-90, 0, 0],
			"translation": [0, 0, -16],
			"scale": [2, 2, 2]
		}
	},
	"groups": [
		{
			"name": "group",
			"origin": [8, 8, 8],
			"color": 0,
			"children": [
				0,
				1,
				2,
				3,
				4,
				{
					"name": "group",
					"origin": [-4, 15, 0],
					"color": 0,
					"children": [5, 6, 7, 8, 9, 10, 11]
				},
				{
					"name": "group",
					"origin": [8, 8, 8],
					"color": 0,
					"children": [12, 13, 14, 15, 16, 17, 18, 19]
				}
			]
		}
	]
}