{
	"credit": "Made with Blockbench",
	"texture_size": [128, 128],
	"textures": {
		"2": "palm:item/table2",
		"particle": "palm:item/table2"
	},
	"elements": [
		{
			"from": [-5, 16, -5],
			"to": [21, 18, 21],
			"rotation": {"angle": 0, "axis": "y", "origin": [6, 18, 12.5]},
			"faces": {
				"north": {"uv": [3.25, 3, 6.5, 3.25], "texture": "#2"},
				"east": {"uv": [3.25, 3.25, 6.5, 3.5], "texture": "#2"},
				"south": {"uv": [3.25, 3.5, 6.5, 3.75], "texture": "#2"},
				"west": {"uv": [3.25, 3.75, 6.5, 4], "texture": "#2"},
				"up": {"uv": [3.25, 3.25, 0, 0], "texture": "#2"},
				"down": {"uv": [3.25, 3.25, 0, 6.5], "texture": "#2"}
			}
		},
		{
			"from": [17.5, 0, -3.5],
			"to": [19.5, 16, -1.5],
			"rotation": {"angle": 45, "axis": "y", "origin": [18.5, 8, -2.5]},
			"faces": {
				"north": {"uv": [3.25, 4, 3.5, 6], "texture": "#2"},
				"east": {"uv": [3.5, 4, 3.75, 6], "texture": "#2"},
				"south": {"uv": [3.75, 4, 4, 6], "texture": "#2"},
				"west": {"uv": [4, 4, 4.25, 6], "texture": "#2"},
				"up": {"uv": [5.875, 2.75, 5.625, 2.5], "texture": "#2"},
				"down": {"uv": [5.875, 2.75, 5.625, 3], "texture": "#2"}
			}
		},
		{
			"from": [-3.5, 0, -3.5],
			"to": [-1.5, 16, -1.5],
			"rotation": {"angle": -45, "axis": "y", "origin": [-2.5, 8, -2.5]},
			"faces": {
				"north": {"uv": [4.25, 4, 4.5, 6], "texture": "#2"},
				"east": {"uv": [4.5, 4, 4.75, 6], "texture": "#2"},
				"south": {"uv": [4.75, 4, 5, 6], "texture": "#2"},
				"west": {"uv": [5, 4, 5.25, 6], "texture": "#2"},
				"up": {"uv": [6.125, 2.75, 5.875, 2.5], "texture": "#2"},
				"down": {"uv": [6.125, 2.75, 5.875, 3], "texture": "#2"}
			}
		},
		{
			"from": [-3.5, 0, 17.5],
			"to": [-1.5, 16, 19.5],
			"rotation": {"angle": 45, "axis": "y", "origin": [-2.5, 8, 18.5]},
			"faces": {
				"north": {"uv": [5.875, 0, 6.125, 2], "texture": "#2"},
				"east": {"uv": [3.25, 6, 3.5, 8], "texture": "#2"},
				"south": {"uv": [3.5, 6, 3.75, 8], "texture": "#2"},
				"west": {"uv": [3.75, 6, 4, 8], "texture": "#2"},
				"up": {"uv": [5.125, 6.25, 4.875, 6], "texture": "#2"},
				"down": {"uv": [5.375, 6, 5.125, 6.25], "texture": "#2"}
			}
		},
		{
			"from": [17.5, 0, 17.5],
			"to": [19.5, 16, 19.5],
			"rotation": {"angle": -45, "axis": "y", "origin": [18.5, 8, 18.5]},
			"faces": {
				"north": {"uv": [5.25, 4, 5.5, 6], "texture": "#2"},
				"east": {"uv": [5.5, 4, 5.75, 6], "texture": "#2"},
				"south": {"uv": [5.625, 0, 5.875, 2], "texture": "#2"},
				"west": {"uv": [5.75, 4, 6, 6], "texture": "#2"},
				"up": {"uv": [4.625, 6.25, 4.375, 6], "texture": "#2"},
				"down": {"uv": [4.875, 6, 4.625, 6.25], "texture": "#2"}
			}
		},
		{
			"from": [18, 13, -1.5],
			"to": [19, 16, 17.5],
			"rotation": {"angle": 0, "axis": "y", "origin": [6, 18, 12.5]},
			"faces": {
				"north": {"uv": [5.375, 6, 5.5, 6.375], "texture": "#2"},
				"east": {"uv": [3.25, 0, 5.625, 0.375], "texture": "#2"},
				"south": {"uv": [5.5, 6, 5.625, 6.375], "texture": "#2"},
				"west": {"uv": [3.25, 0.375, 5.625, 0.75], "texture": "#2"},
				"up": {"uv": [4.125, 8.375, 4, 6], "texture": "#2"},
				"down": {"uv": [6.125, 4, 6, 6.375], "texture": "#2"}
			}
		},
		{
			"from": [-3, 13, -1.5],
			"to": [-2, 16, 17.5],
			"rotation": {"angle": 0, "axis": "y", "origin": [10, 18, 12.5]},
			"faces": {
				"north": {"uv": [5.625, 6, 5.75, 6.375], "texture": "#2"},
				"east": {"uv": [3.25, 0.75, 5.625, 1.125], "texture": "#2"},
				"south": {"uv": [5.75, 6, 5.875, 6.375], "texture": "#2"},
				"west": {"uv": [3.25, 1.125, 5.625, 1.5], "texture": "#2"},
				"up": {"uv": [4.25, 8.375, 4.125, 6], "texture": "#2"},
				"down": {"uv": [4.375, 6, 4.25, 8.375], "texture": "#2"}
			}
		},
		{
			"from": [-1.5, 13, -3],
			"to": [17.5, 16, -2],
			"rotation": {"angle": 0, "axis": "y", "origin": [3.5, 18, 10]},
			"faces": {
				"north": {"uv": [3.25, 2.25, 5.625, 2.625], "texture": "#2"},
				"east": {"uv": [6.125, 0.375, 6.25, 0.75], "texture": "#2"},
				"south": {"uv": [3.25, 2.625, 5.625, 3], "texture": "#2"},
				"west": {"uv": [6.125, 0.75, 6.25, 1.125], "texture": "#2"},
				"up": {"uv": [8, 2.375, 5.625, 2.25], "texture": "#2"},
				"down": {"uv": [8, 2.375, 5.625, 2.5], "texture": "#2"}
			}
		},
		{
			"from": [-1.5, 13, 18],
			"to": [17.5, 16, 19],
			"rotation": {"angle": 0, "axis": "y", "origin": [3.5, 18, 6]},
			"faces": {
				"north": {"uv": [3.25, 1.5, 5.625, 1.875], "texture": "#2"},
				"east": {"uv": [5.875, 6, 6, 6.375], "texture": "#2"},
				"south": {"uv": [3.25, 1.875, 5.625, 2.25], "texture": "#2"},
				"west": {"uv": [6.125, 0, 6.25, 0.375], "texture": "#2"},
				"up": {"uv": [8, 2.125, 5.625, 2], "texture": "#2"},
				"down": {"uv": [8, 2.125, 5.625, 2.25], "texture": "#2"}
			}
		}
	],
	"display": {
		"thirdperson_righthand": {
			"translation": [-6, 0, -6],
			"scale": [0.7, 0.7, 0.7]
		},
		"thirdperson_lefthand": {
			"translation": [-6, 0, -6],
			"scale": [0.7, 0.7, 0.7]
		},
		"firstperson_righthand": {
			"scale": [0.7, 0.7, 0.7]
		},
		"firstperson_lefthand": {
			"scale": [0.7, 0.7, 0.7]
		},
		"fixed": {
			"rotation": [-90, 0, 0],
			"translation": [0, 0, -16],
			"scale": [2, 2, 2]
		}
	}
}