{
	"credit": "Made with Blockbench",
	"textures": {
		"3": "palm:item/snow_globe"
	},
	"elements": [
		{
			"from": [7, 1.5, 7],
			"to": [9, 3.5, 9],
			"rotation": {"angle": 0, "axis": "y", "origin": [8, 3.66667, 8]},
			"faces": {
				"north": {"uv": [0.75, 7.25, 1.25, 7.75], "texture": "#3"},
				"east": {"uv": [1.25, 7.25, 1.75, 7.75], "texture": "#3"},
				"south": {"uv": [1.75, 7.25, 2.25, 7.75], "texture": "#3"},
				"west": {"uv": [2.25, 7.25, 2.75, 7.75], "texture": "#3"},
				"up": {"uv": [3.25, 7.75, 2.75, 7.25], "texture": "#3"},
				"down": {"uv": [3.75, 7.25, 3.25, 7.75], "texture": "#3"}
			}
		},
		{
			"from": [7.5, 3.5, 7.5],
			"to": [8.5, 4.5, 8.5],
			"rotation": {"angle": 0, "axis": "y", "origin": [8, 3.66667, 8]},
			"faces": {
				"north": {"uv": [2.25, 6.5, 2.5, 6.75], "texture": "#3"},
				"east": {"uv": [2.5, 6.5, 2.75, 6.75], "texture": "#3"},
				"south": {"uv": [5.25, 6.5, 5.5, 6.75], "texture": "#3"},
				"west": {"uv": [5.5, 6.5, 5.75, 6.75], "texture": "#3"},
				"up": {"uv": [2.25, 7.25, 2, 7], "texture": "#3"},
				"down": {"uv": [4, 7.25, 3.75, 7.5], "texture": "#3"}
			}
		},
		{
			"from": [8, 3, 5.5],
			"to": [8, 9, 10.5],
			"rotation": {"angle": 45, "axis": "y", "origin": [8, 4.16667, 8]},
			"faces": {
				"north": {"uv": [0, 0, 0, 1.5], "texture": "#3"},
				"east": {"uv": [3.75, 1.5, 5, 3], "texture": "#3"},
				"south": {"uv": [0, 0, 0, 1.5], "texture": "#3"},
				"west": {"uv": [3.75, 3, 5, 4.5], "texture": "#3"},
				"up": {"uv": [0, 1.25, 0, 0], "texture": "#3"},
				"down": {"uv": [0, 0, 0, 1.25], "texture": "#3"}
			}
		},
		{
			"from": [5.5, 2.5, 8],
			"to": [10.5, 8.5, 8],
			"rotation": {"angle": 0, "axis": "y", "origin": [8, 4.16667, 8]},
			"faces": {
				"north": {"uv": [2.5, 0, 3.75, 1.5], "texture": "#3"},
				"east": {"uv": [0, 0, 0, 1.5], "texture": "#3"},
				"south": {"uv": [2.5, 1.5, 3.75, 3], "texture": "#3"},
				"west": {"uv": [0, 0, 0, 1.5], "texture": "#3"},
				"up": {"uv": [1.25, 0, 0, 0], "texture": "#3"},
				"down": {"uv": [1.25, 0, 0, 0], "texture": "#3"}
			}
		},
		{
			"from": [8, 2.5, 5.5],
			"to": [8, 8.5, 10.5],
			"rotation": {"angle": -45, "axis": "y", "origin": [8, 4.16667, 8]},
			"faces": {
				"north": {"uv": [0, 0, 0, 1.5], "texture": "#3"},
				"east": {"uv": [0, 3, 1.25, 4.5], "texture": "#3"},
				"south": {"uv": [0, 0, 0, 1.5], "texture": "#3"},
				"west": {"uv": [1.25, 3, 2.5, 4.5], "texture": "#3"},
				"up": {"uv": [0, 1.25, 0, 0], "texture": "#3"},
				"down": {"uv": [0, 0, 0, 1.25], "texture": "#3"}
			}
		},
		{
			"from": [8, 2.5, 5.5],
			"to": [8, 8.5, 10.5],
			"rotation": {"angle": 0, "axis": "y", "origin": [8, 4.16667, 8]},
			"faces": {
				"north": {"uv": [0, 0, 0, 1.5], "texture": "#3"},
				"east": {"uv": [2.5, 3, 3.75, 4.5], "texture": "#3"},
				"south": {"uv": [0, 0, 0, 1.5], "texture": "#3"},
				"west": {"uv": [3.75, 0, 5, 1.5], "texture": "#3"},
				"up": {"uv": [0, 1.25, 0, 0], "texture": "#3"},
				"down": {"uv": [0, 0, 0, 1.25], "texture": "#3"}
			}
		},
		{
			"from": [5.5, 2, 5.5],
			"to": [10.5, 8, 10.5],
			"rotation": {"angle": 0, "axis": "y", "origin": [8, 6.75, 8]},
			"faces": {
				"north": {"uv": [8, 8, 10.5, 11], "texture": "#3"},
				"east": {"uv": [10.5, 8, 13, 11], "texture": "#3"},
				"south": {"uv": [8, 11, 10.5, 14], "texture": "#3"},
				"west": {"uv": [10.5, 11, 13, 14], "texture": "#3"},
				"up": {"uv": [15.5, 10.5, 13, 8], "texture": "#3"},
				"down": {"uv": [15.5, 10.5, 13, 13], "texture": "#3"}
			}
		},
		{
			"from": [6, 8, 6],
			"to": [10, 9, 10],
			"rotation": {"angle": 0, "axis": "y", "origin": [8, 6.75, 8]},
			"faces": {
				"north": {"uv": [10, 13.5, 12, 14], "texture": "#3"},
				"east": {"uv": [10, 14, 12, 14.5], "texture": "#3"},
				"south": {"uv": [10, 14.5, 12, 15], "texture": "#3"},
				"west": {"uv": [10, 15, 12, 15.5], "texture": "#3"},
				"up": {"uv": [15, 15, 13, 13], "texture": "#3"},
				"down": {"uv": [10, 13.5, 8, 15.5], "texture": "#3"}
			}
		},
		{
			"name": "octagon",
			"from": [6.34315, 0, 4],
			"to": [9.65685, 2, 12],
			"rotation": {"angle": 45, "axis": "y", "origin": [8, 0.5, 8]},
			"faces": {
				"north": {"uv": [0.75, 6.5, 1.5, 7], "texture": "#3"},
				"east": {"uv": [5.75, 3.25, 7.75, 3.75], "texture": "#3"},
				"south": {"uv": [1.5, 6.5, 2.25, 7], "texture": "#3"},
				"west": {"uv": [5.75, 3.75, 7.75, 4.25], "texture": "#3"},
				"up": {"uv": [5.75, 2, 5, 0], "texture": "#3"},
				"down": {"uv": [5.75, 2, 5, 4], "texture": "#3"}
			}
		},
		{
			"name": "octagon",
			"from": [6.34315, 0, 4],
			"to": [9.65685, 2, 12],
			"rotation": {"angle": 0, "axis": "y", "origin": [8, 0.5, 8]},
			"faces": {
				"north": {"uv": [3.75, 6.5, 4.5, 7], "texture": "#3"},
				"east": {"uv": [5.75, 4.25, 7.75, 4.75], "texture": "#3"},
				"south": {"uv": [4.5, 6.5, 5.25, 7], "texture": "#3"},
				"west": {"uv": [5.75, 4.75, 7.75, 5.25], "texture": "#3"},
				"up": {"uv": [5.75, 6, 5, 4], "texture": "#3"},
				"down": {"uv": [0.75, 5.75, 0, 7.75], "texture": "#3"}
			}
		},
		{
			"name": "octagon",
			"from": [4, 0, 6.34315],
			"to": [12, 2, 9.65685],
			"rotation": {"angle": 45, "axis": "y", "origin": [8, 0.5, 8]},
			"faces": {
				"north": {"uv": [5.75, 5.25, 7.75, 5.75], "texture": "#3"},
				"east": {"uv": [2.25, 6.75, 3, 7.25], "texture": "#3"},
				"south": {"uv": [5.75, 5.75, 7.75, 6.25], "texture": "#3"},
				"west": {"uv": [6.75, 2.25, 7.5, 2.75], "texture": "#3"},
				"up": {"uv": [7.75, 0.75, 5.75, 0], "texture": "#3"},
				"down": {"uv": [2.75, 5.75, 0.75, 6.5], "texture": "#3"}
			}
		},
		{
			"name": "octagon",
			"from": [4, 0, 6.34315],
			"to": [12, 2, 9.65685],
			"rotation": {"angle": 0, "axis": "y", "origin": [8, 0.5, 8]},
			"faces": {
				"north": {"uv": [3.75, 6, 5.75, 6.5], "texture": "#3"},
				"east": {"uv": [6.75, 2.75, 7.5, 3.25], "texture": "#3"},
				"south": {"uv": [5.75, 6.25, 7.75, 6.75], "texture": "#3"},
				"west": {"uv": [3, 6.75, 3.75, 7.25], "texture": "#3"},
				"up": {"uv": [7.75, 1.5, 5.75, 0.75], "texture": "#3"},
				"down": {"uv": [7.75, 1.5, 5.75, 2.25], "texture": "#3"}
			}
		},
		{
			"from": [5.5125, 2.0025, 5.5125],
			"to": [10.4875, 2.9975, 10.4875],
			"rotation": {"angle": 0, "axis": "y", "origin": [8, 2.5, 8]},
			"faces": {
				"north": {"uv": [3.75, 5.75, 5, 6], "texture": "#3"},
				"east": {"uv": [5.25, 6.75, 6.5, 7], "texture": "#3"},
				"south": {"uv": [6.5, 6.75, 7.75, 7], "texture": "#3"},
				"west": {"uv": [0.75, 7, 2, 7.25], "texture": "#3"},
				"up": {"uv": [3.75, 5.75, 2.5, 4.5], "texture": "#3"},
				"down": {"uv": [5, 4.5, 3.75, 5.75], "texture": "#3"}
			}
		}
	],
	"display": {
		"thirdperson_righthand": {
			"translation": [0, 7.75, 0]
		},
		"thirdperson_lefthand": {
			"translation": [0, 7.75, 0]
		},
		"firstperson_righthand": {
			"translation": [0, 7.75, 0]
		},
		"firstperson_lefthand": {
			"translation": [0, 7.75, 0]
		},
		"ground": {
			"translation": [0, 4.25, 0]
		},
		"head": {
			"translation": [0, 15, 0]
		},
		"fixed": {
			"rotation": [-90, 0, 0],
			"translation": [0, 0, -16],
			"scale": [2, 2, 2]
		}
	},
	"groups": [
		{
			"name": "group",
			"origin": [8, 6.75, 8],
			"color": 0,
			"children": [
				{
					"name": "group",
					"origin": [8, 8, 8],
					"color": 0,
					"children": [
						0,
						1,
						{
							"name": "group",
							"origin": [8, 3.66667, 8],
							"color": 0,
							"children": [2, 3, 4, 5]
						}
					]
				},
				{
					"name": "group",
					"origin": [8, 1.5, 8],
					"color": 0,
					"children": [6, 7]
				},
				{
					"name": "octagon",
					"origin": [8, 8, 8],
					"color": 0,
					"children": [8, 9, 10, 11]
				},
				12
			]
		}
	]
}