{
	"credit": "Made with Blockbench",
	"texture_size": [19, 16],
	"textures": {
		"0": "palm:item/poster1",
		"particle": "palm:item/poster1"
	},
	"elements": [
		{
			"from": [-0.5, 0, 8.9],
			"to": [16.5, 22, 9],
			"rotation": {"angle": 0, "axis": "y", "origin": [-0.5, 0, 7]},
			"faces": {
				"north": {"uv": [0, 0, 13.03665, 16], "texture": "#0"},
				"east": {"uv": [14.31579, 0, 16, 16], "texture": "#0"},
				"south": {"uv": [0, 0, 13.03665, 16], "texture": "#0"},
				"west": {"uv": [14.31579, 0, 16, 16], "texture": "#0"},
				"up": {"uv": [14.2152, 0, 16, 2], "texture": "#0"},
				"down": {"uv": [14.2152, 0, 16, 2], "texture": "#0"}
			}
		},
		{
			"from": [-1, 21.7, 8],
			"to": [17, 23.4, 10],
			"rotation": {"angle": 0, "axis": "y", "origin": [0, 21.4, 8]},
			"faces": {
				"north": {"uv": [15.33474, 15.21, 16, 16], "texture": "#0"},
				"east": {"uv": [15.33474, 15.21, 16, 16], "texture": "#0"},
				"south": {"uv": [15.33474, 15.21, 16, 16], "texture": "#0"},
				"west": {"uv": [15.33474, 15.21, 16, 16], "texture": "#0"},
				"up": {"uv": [15.33474, 15.21, 16, 16], "texture": "#0"},
				"down": {"uv": [15.33474, 15.21, 16, 16], "texture": "#0"}
			}
		}
	],
	"display": {
		"thirdperson_righthand": {
			"translation": [0, 3, 0],
			"scale": [0.4, 0.4, 0.4]
		},
		"thirdperson_lefthand": {
			"translation": [0, 3, 0],
			"scale": [0.4, 0.4, 0.4]
		},
		"firstperson_righthand": {
			"scale": [0.7, 0.7, 0.7]
		},
		"firstperson_lefthand": {
			"scale": [0.7, 0.7, 0.7]
		},
		"ground": {
			"translation": [0, 3.5, 0],
			"scale": [0.7, 0.7, 0.7]
		},
		"head": {
			"translation": [0, -19.75, -11.5],
			"scale": [2, 2, 2]
		},
		"fixed": {
			"translation": [0, 0, -3.75],
			"scale": [4, 4, 4]
		}
	}
}