{
	"credit": "Made with Blockbench",
	"texture_size": [64, 64],
	"textures": {
		"1": "palm:item/old_book"
	},
	"elements": [
		{
			"from": [2, 0, 0],
			"to": [14, 1, 16],
			"faces": {
				"north": {"uv": [4.25, 9, 7.25, 9.25], "texture": "#1"},
				"east": {"uv": [9, 0.75, 13, 1], "texture": "#1"},
				"south": {"uv": [9, 6.75, 12, 7], "texture": "#1"},
				"west": {"uv": [9, 1, 13, 1.25], "texture": "#1"},
				"up": {"uv": [3, 4, 0, 0], "texture": "#1"},
				"down": {"uv": [6, 0, 3, 4], "texture": "#1"}
			}
		},
		{
			"from": [2, 4, 0],
			"to": [14, 5, 16],
			"rotation": {"angle": 0, "axis": "y", "origin": [0, 0.5, 0]},
			"faces": {
				"north": {"uv": [9, 7, 12, 7.25], "texture": "#1"},
				"east": {"uv": [9, 1.25, 13, 1.5], "texture": "#1"},
				"south": {"uv": [7.25, 9, 10.25, 9.25], "texture": "#1"},
				"west": {"uv": [9, 1.5, 13, 1.75], "texture": "#1"},
				"up": {"uv": [3, 8, 0, 4], "texture": "#1"},
				"down": {"uv": [6, 4, 3, 8], "texture": "#1"}
			}
		},
		{
			"from": [11, 2.5, -2.5],
			"to": [13, 2.5, 0.5],
			"rotation": {"angle": -22.5, "axis": "x", "origin": [12, 2.5, 0.5]},
			"faces": {
				"north": {"uv": [0, 0, 0.5, 0], "texture": "#1"},
				"east": {"uv": [0, 0, 0.75, 0], "texture": "#1"},
				"south": {"uv": [0, 0, 0.5, 0], "texture": "#1"},
				"west": {"uv": [0, 0, 0.75, 0], "texture": "#1"},
				"up": {"uv": [9.75, 3.5, 9.25, 2.75], "texture": "#1"},
				"down": {"uv": [9.75, 3.5, 9.25, 4.25], "texture": "#1"}
			}
		},
		{
			"from": [2.5, 1, 0.5],
			"to": [14, 4, 15.5],
			"faces": {
				"north": {"uv": [0, 8.75, 3, 9.5], "texture": "#1"},
				"east": {"uv": [4, 8.25, 7.75, 9], "texture": "#1"},
				"south": {"uv": [9, 0, 12, 0.75], "texture": "#1"},
				"west": {"uv": [7.75, 8.25, 11.5, 9], "texture": "#1"},
				"up": {"uv": [9, 3.75, 6, 0], "texture": "#1"},
				"down": {"uv": [9, 3.75, 6, 7.5], "texture": "#1"}
			}
		},
		{
			"from": [14, 1, 0],
			"to": [15, 4, 16],
			"faces": {
				"north": {"uv": [4.25, 9.25, 4.5, 10], "texture": "#1"},
				"east": {"uv": [6, 7.5, 10, 8.25], "texture": "#1"},
				"south": {"uv": [9.25, 4.25, 9.5, 5], "texture": "#1"},
				"west": {"uv": [0, 8, 4, 8.75], "texture": "#1"},
				"up": {"uv": [3.25, 12.75, 3, 8.75], "texture": "#1"},
				"down": {"uv": [3.5, 8.75, 3.25, 12.75], "texture": "#1"}
			}
		},
		{
			"from": [14, -0.41421, 0],
			"to": [15, 1, 16],
			"rotation": {"angle": -45, "axis": "z", "origin": [15, 1, 8]},
			"faces": {
				"north": {"uv": [4, 8, 4.25, 8.25], "texture": "#1"},
				"east": {"uv": [9, 1.75, 13, 2], "texture": "#1"},
				"south": {"uv": [4.25, 8, 4.5, 8.25], "texture": "#1"},
				"west": {"uv": [9, 2, 13, 2.25], "texture": "#1"},
				"up": {"uv": [3.75, 12.75, 3.5, 8.75], "texture": "#1"},
				"down": {"uv": [4, 8.75, 3.75, 12.75], "texture": "#1"}
			}
		},
		{
			"from": [14, 4, 0],
			"to": [15, 5.41421, 16],
			"rotation": {"angle": 45, "axis": "z", "origin": [15, 4, 8]},
			"faces": {
				"north": {"uv": [4.5, 8, 4.75, 8.25], "texture": "#1"},
				"east": {"uv": [9, 2.25, 13, 2.5], "texture": "#1"},
				"south": {"uv": [4.75, 8, 5, 8.25], "texture": "#1"},
				"west": {"uv": [9, 2.5, 13, 2.75], "texture": "#1"},
				"up": {"uv": [9.25, 6.75, 9, 2.75], "texture": "#1"},
				"down": {"uv": [4.25, 9, 4, 13], "texture": "#1"}
			}
		}
	],
	"display": {
		"thirdperson_righthand": {
			"rotation": [0, 165, 0],
			"translation": [0, 4, 0],
			"scale": [0.5, 0.5, 0.5]
		},
		"thirdperson_lefthand": {
			"rotation": [0, 165, 0],
			"translation": [0, 4, 0],
			"scale": [0.5, 0.5, 0.5]
		},
		"firstperson_righthand": {
			"rotation": [0, 165, 0],
			"translation": [0, 4, 0],
			"scale": [0.5, 0.5, 0.5]
		},
		"firstperson_lefthand": {
			"rotation": [0, 165, 0],
			"translation": [0, 4, 0],
			"scale": [0.5, 0.5, 0.5]
		},
		"ground": {
			"translation": [0, 4.75, 0]
		},
		"gui": {
			"rotation": [55, 145, 0],
			"translation": [0, 2, 0],
			"scale": [0.75, 0.75, 0.75]
		},
		"fixed": {
			"rotation": [-90, 0, 0],
			"translation": [0, 0, -16],
			"scale": [2, 2, 2]
		}
	}
}