{
	"credit": "Made with Blockbench",
	"textures": {
		"1": "palm:item/sunglasses",
		"particle": "palm:item/sunglasses"
	},
	"elements": [
		{
			"from": [3.5, 6, 3.5],
			"to": [12.5, 9, 3.5],
			"faces": {
				"north": {"uv": [0, 0, 9, 3], "texture": "#1"},
				"east": {"uv": [0, 0, 0, 3], "texture": "#1"},
				"south": {"uv": [0, 3, 9, 6], "texture": "#1"},
				"west": {"uv": [0, 0, 0, 3], "texture": "#1"},
				"up": {"uv": [9, 0, 0, 0], "texture": "#1"},
				"down": {"uv": [9, 0, 0, 0], "texture": "#1"}
			}
		},
		{
			"from": [12.5, 7, 3.5],
			"to": [12.5, 9, 10.5],
			"faces": {
				"north": {"uv": [0, 0, 0, 2], "texture": "#1"},
				"east": {"uv": [0, 6, 7, 8], "texture": "#1"},
				"south": {"uv": [0, 0, 0, 2], "texture": "#1"},
				"west": {"uv": [7, 6, 14, 8], "texture": "#1"},
				"up": {"uv": [0, 7, 0, 0], "texture": "#1"},
				"down": {"uv": [0, 0, 0, 7], "texture": "#1"}
			}
		},
		{
			"from": [3.5, 7, 3.5],
			"to": [3.5, 9, 10.5],
			"faces": {
				"north": {"uv": [0, 0, 0, 2], "texture": "#1"},
				"east": {"uv": [0, 8, 7, 10], "texture": "#1"},
				"south": {"uv": [0, 0, 0, 2], "texture": "#1"},
				"west": {"uv": [7, 8, 14, 10], "texture": "#1"},
				"up": {"uv": [0, 7, 0, 0], "texture": "#1"},
				"down": {"uv": [0, 0, 0, 7], "texture": "#1"}
			}
		}
	],
	"display": {
		"gui": {
			"rotation": [19, 145, 0],
			"translation": [0, 0.5, 0],
			"scale": [1.5, 1.5, 1.5]
		},
		"head": {
			"translation": [0, -2, 0],
			"scale": [1.625, 1.625, 1.625]
		}
	},
	"groups": [
		{
			"name": "sunglasses",
			"origin": [0, 0, 0],
			"color": 0,
			"children": [0, 1, 2]
		}
	]
}