{
	"credit": "Made with Blockbench",
	"texture_size": [32, 32],
	"textures": {
		"2": "palm:item/dao"
	},
	"elements": [
		{
			"from": [8, 9.5, 6],
			"to": [8, 20.5, 11],
			"rotation": {"angle": 0, "axis": "y", "origin": [8, 7.88478, 8.25]},
			"faces": {
				"north": {"uv": [0.016, 0.016, 0.016, 5.484], "texture": "#2"},
				"east": {"uv": [0.016, 0.016, 2.484, 5.484], "texture": "#2"},
				"south": {"uv": [0.016, 0.016, 0.016, 5.484], "texture": "#2"},
				"west": {"uv": [2.516, 0.016, 4.984, 5.484], "texture": "#2"},
				"up": {"uv": [0.016, 2.484, 0.016, 0.016], "texture": "#2"},
				"down": {"uv": [0.016, 0.016, 0.016, 2.484], "texture": "#2"}
			}
		},
		{
			"from": [7, 7.5, 5.5],
			"to": [9, 9.5, 10.5],
			"rotation": {"angle": 0, "axis": "y", "origin": [8, 7.88478, 8.25]},
			"faces": {
				"north": {"uv": [2.016, 5.516, 2.984, 6.484], "texture": "#2"},
				"east": {"uv": [5.016, 4.016, 7.484, 4.984], "texture": "#2"},
				"south": {"uv": [3.016, 5.516, 3.984, 6.484], "texture": "#2"},
				"west": {"uv": [5.016, 5.016, 7.484, 5.984], "texture": "#2"},
				"up": {"uv": [0.984, 7.984, 0.016, 5.516], "texture": "#2"},
				"down": {"uv": [1.984, 5.516, 1.016, 7.984], "texture": "#2"}
			}
		},
		{
			"from": [7.67678, 4.5, 7.57322],
			"to": [8.67678, 7.5, 8.57322],
			"rotation": {"angle": 0, "axis": "y", "origin": [8, 7.88478, 8.25]},
			"faces": {
				"north": {"uv": [7.016, 0.016, 7.484, 1.484], "texture": "#2"},
				"east": {"uv": [7.016, 1.516, 7.484, 2.984], "texture": "#2"},
				"south": {"uv": [5.016, 7.016, 5.484, 8.484], "texture": "#2"},
				"west": {"uv": [5.516, 7.016, 5.984, 8.484], "texture": "#2"},
				"up": {"uv": [7.484, 3.484, 7.016, 3.016], "texture": "#2"},
				"down": {"uv": [7.484, 3.516, 7.016, 3.984], "texture": "#2"}
			}
		},
		{
			"from": [7, 3.96105, 9.82018],
			"to": [9, 5.96105, 11.82018],
			"rotation": {"angle": 45, "axis": "x", "origin": [8, 7.88478, 8.25]},
			"faces": {
				"north": {"uv": [4.016, 5.516, 4.984, 6.484], "texture": "#2"},
				"east": {"uv": [5.016, 6.016, 5.984, 6.984], "texture": "#2"},
				"south": {"uv": [6.016, 6.016, 6.984, 6.984], "texture": "#2"},
				"west": {"uv": [2.016, 6.516, 2.984, 7.484], "texture": "#2"},
				"up": {"uv": [3.984, 7.484, 3.016, 6.516], "texture": "#2"},
				"down": {"uv": [4.984, 6.516, 4.016, 7.484], "texture": "#2"}
			}
		},
		{
			"from": [8, -0.62817, 3.38068],
			"to": [8, 3.37183, 7.38068],
			"rotation": {"angle": -22.5, "axis": "x", "origin": [8, 7.88478, 8.25]},
			"faces": {
				"north": {"uv": [0.016, 0.016, 0.016, 1.984], "texture": "#2"},
				"east": {"uv": [5.016, 0.016, 6.984, 1.984], "texture": "#2"},
				"south": {"uv": [0.016, 0.016, 0.016, 1.984], "texture": "#2"},
				"west": {"uv": [5.016, 2.016, 6.984, 3.984], "texture": "#2"},
				"up": {"uv": [0.016, 1.984, 0.016, 0.016], "texture": "#2"},
				"down": {"uv": [0.016, 0.016, 0.016, 1.984], "texture": "#2"}
			}
		}
	],
	"display": {
		"thirdperson_righthand": {
			"translation": [0, 1.25, 0]
		},
		"thirdperson_lefthand": {
			"translation": [0, 1.25, 0]
		},
		"firstperson_righthand": {
			"translation": [0, 1.25, 0]
		},
		"firstperson_lefthand": {
			"translation": [0, 1.25, 0]
		},
		"ground": {
			"translation": [0, 3.5, 0]
		},
		"gui": {
			"rotation": [15, -66, 0],
			"translation": [0, -1.5, 0],
			"scale": [0.75, 0.75, 0.75]
		},
		"fixed": {
			"rotation": [0, -89, 0],
			"translation": [0, -7.5, -1],
			"scale": [3, 3, 3]
		}
	},
	"groups": [
		{
			"name": "group",
			"origin": [8, -0.5, 8.5],
			"color": 0,
			"children": [0, 1, 2, 3, 4]
		}
	]
}