{
	"credit": "Made with Blockbench",
	"texture_size": [64, 64],
	"textures": {
		"2": "palm:item/stool",
		"particle": "palm:item/stool"
	},
	"elements": [
		{
			"name": "octagon",
			"from": [5.51472, 10.0089, 2],
			"to": [10.48528, 11.9889, 14],
			"rotation": {"angle": 45, "axis": "y", "origin": [8, 10.9989, 8]},
			"faces": {
				"north": {"uv": [6.25, 5.5, 7.5, 6], "texture": "#2"},
				"east": {"uv": [3.25, 5, 6.25, 5.5], "texture": "#2"},
				"south": {"uv": [1, 7.5, 2.25, 8], "texture": "#2"},
				"west": {"uv": [3.25, 5.5, 6.25, 6], "texture": "#2"},
				"up": {"uv": [3.25, 3, 2, 0], "texture": "#2"},
				"down": {"uv": [3.25, 3, 2, 6], "texture": "#2"}
			}
		},
		{
			"name": "octagon",
			"from": [5.51472, 10, 10.5],
			"to": [10.48528, 12, 14],
			"rotation": {"angle": 0, "axis": "y", "origin": [8, 11, 8]},
			"faces": {
				"north": {"uv": [2.25, 7.5, 3.5, 8], "texture": "#2"},
				"east": {"uv": [7.75, 2, 8.75, 2.5], "texture": "#2"},
				"south": {"uv": [7.5, 5.5, 8.75, 6], "texture": "#2"},
				"west": {"uv": [7.75, 2.5, 8.75, 3], "texture": "#2"},
				"up": {"uv": [1.25, 5, 0, 4], "texture": "#2"},
				"down": {"uv": [1.25, 5, 0, 6], "texture": "#2"}
			}
		},
		{
			"name": "octagon",
			"from": [5.51472, 10, 2],
			"to": [10.48528, 12, 5.5],
			"rotation": {"angle": 0, "axis": "y", "origin": [8, 11, 8]},
			"faces": {
				"north": {"uv": [7.75, 1, 9, 1.5], "texture": "#2"},
				"east": {"uv": [7.75, 3, 8.75, 3.5], "texture": "#2"},
				"south": {"uv": [7.75, 1.5, 9, 2], "texture": "#2"},
				"west": {"uv": [7.75, 3.5, 8.75, 4], "texture": "#2"},
				"up": {"uv": [2.25, 7.5, 1, 6.5], "texture": "#2"},
				"down": {"uv": [3.5, 6.5, 2.25, 7.5], "texture": "#2"}
			}
		},
		{
			"name": "octagon",
			"from": [2, 10.0089, 5.51472],
			"to": [14, 11.9889, 10.48528],
			"rotation": {"angle": 45, "axis": "y", "origin": [8, 10.9989, 8]},
			"faces": {
				"north": {"uv": [0, 6, 3, 6.5], "texture": "#2"},
				"east": {"uv": [7.5, 6.5, 8.75, 7], "texture": "#2"},
				"south": {"uv": [3, 6, 6, 6.5], "texture": "#2"},
				"west": {"uv": [7.5, 7, 8.75, 7.5], "texture": "#2"},
				"up": {"uv": [6.25, 1.25, 3.25, 0], "texture": "#2"},
				"down": {"uv": [6.25, 1.25, 3.25, 2.5], "texture": "#2"}
			}
		},
		{
			"name": "octagon",
			"from": [2, 10, 5.51472],
			"to": [14, 12, 10.48528],
			"rotation": {"angle": 0, "axis": "y", "origin": [8, 11, 8]},
			"faces": {
				"north": {"uv": [6, 6, 9, 6.5], "texture": "#2"},
				"east": {"uv": [7.5, 7.5, 8.75, 8], "texture": "#2"},
				"south": {"uv": [6.25, 0, 9.25, 0.5], "texture": "#2"},
				"west": {"uv": [7.75, 0.5, 9, 1], "texture": "#2"},
				"up": {"uv": [6.25, 3.75, 3.25, 2.5], "texture": "#2"},
				"down": {"uv": [6.25, 3.75, 3.25, 5], "texture": "#2"}
			}
		},
		{
			"from": [10, 0, 10],
			"to": [12, 10, 12],
			"rotation": {"angle": -45, "axis": "y", "origin": [11, 5, 11]},
			"faces": {
				"north": {"uv": [6.25, 0.5, 6.75, 3], "texture": "#2"},
				"east": {"uv": [6.25, 3, 6.75, 5.5], "texture": "#2"},
				"south": {"uv": [0, 6.5, 0.5, 9], "texture": "#2"},
				"west": {"uv": [0.5, 6.5, 1, 9], "texture": "#2"},
				"up": {"uv": [1.75, 4.5, 1.25, 4], "texture": "#2"},
				"down": {"uv": [1.75, 4.5, 1.25, 5], "texture": "#2"}
			}
		},
		{
			"from": [4, 0, 10],
			"to": [6, 10, 12],
			"rotation": {"angle": 45, "axis": "y", "origin": [5, 5, 11]},
			"faces": {
				"north": {"uv": [3.5, 6.5, 4, 9], "texture": "#2"},
				"east": {"uv": [4, 6.5, 4.5, 9], "texture": "#2"},
				"south": {"uv": [4.5, 6.5, 5, 9], "texture": "#2"},
				"west": {"uv": [5, 6.5, 5.5, 9], "texture": "#2"},
				"up": {"uv": [1.75, 5.5, 1.25, 5], "texture": "#2"},
				"down": {"uv": [1.75, 5.5, 1.25, 6], "texture": "#2"}
			}
		},
		{
			"from": [10, 0, 4],
			"to": [12, 10, 6],
			"rotation": {"angle": 45, "axis": "y", "origin": [11, 5, 5]},
			"faces": {
				"north": {"uv": [6.75, 3, 7.25, 5.5], "texture": "#2"},
				"east": {"uv": [7, 6.5, 7.5, 9], "texture": "#2"},
				"south": {"uv": [7.25, 0.5, 7.75, 3], "texture": "#2"},
				"west": {"uv": [7.25, 3, 7.75, 5.5], "texture": "#2"},
				"up": {"uv": [8.25, 5.5, 7.75, 5], "texture": "#2"},
				"down": {"uv": [1.5, 8, 1, 8.5], "texture": "#2"}
			}
		},
		{
			"from": [4, 0, 4],
			"to": [6, 10, 6],
			"rotation": {"angle": -45, "axis": "y", "origin": [5, 5, 5]},
			"faces": {
				"north": {"uv": [5.5, 6.5, 6, 9], "texture": "#2"},
				"east": {"uv": [6, 6.5, 6.5, 9], "texture": "#2"},
				"south": {"uv": [6.5, 6.5, 7, 9], "texture": "#2"},
				"west": {"uv": [6.75, 0.5, 7.25, 3], "texture": "#2"},
				"up": {"uv": [8.25, 4.5, 7.75, 4], "texture": "#2"},
				"down": {"uv": [8.25, 4.5, 7.75, 5], "texture": "#2"}
			}
		},
		{
			"from": [4, 5.5, 4],
			"to": [12, 5.5, 12],
			"rotation": {"angle": 45, "axis": "y", "origin": [8, 5.5, 8]},
			"faces": {
				"north": {"uv": [0, 0, 2, 0], "texture": "#2"},
				"east": {"uv": [0, 0, 2, 0], "texture": "#2"},
				"south": {"uv": [0, 0, 2, 0], "texture": "#2"},
				"west": {"uv": [0, 0, 2, 0], "texture": "#2"},
				"up": {"uv": [2, 2, 0, 0], "texture": "#2"},
				"down": {"uv": [2, 2, 0, 4], "texture": "#2"}
			}
		}
	],
	"display": {
		"ground": {
			"translation": [0, 4.5, 0]
		},
		"gui": {
			"rotation": [25, 35, 0],
			"translation": [0, 0.75, 0]
		},
		"head": {
			"scale": [2, 2, 2]
		},
		"fixed": {
			"rotation": [-90, 0, 0],
			"translation": [0, 0, -16],
			"scale": [2, 2, 2]
		}
	},
	"groups": [
		{
			"name": "octagon",
			"origin": [8, 8, 8],
			"color": 0,
			"children": [0, 1, 2, 3, 4]
		},
		5,
		6,
		7,
		8,
		9
	]
}