{
	"credit": "Made with Blockbench",
	"texture_size": [32, 32],
	"textures": {
		"0": "palm:item/tablet",
		"particle": "palm:item/tablet"
	},
	"elements": [
		{
			"from": [3, 0, 7],
			"to": [13, 13, 10],
			"rotation": {"angle": 0, "axis": "y", "origin": [11, 0, 7]},
			"faces": {
				"north": {"uv": [0, 0, 5, 6.5], "texture": "#0"},
				"east": {"uv": [0, 6.5, 1, 13], "texture": "#0"},
				"south": {"uv": [5, 0, 10, 6.5], "texture": "#0"},
				"west": {"uv": [1, 6.5, 2, 13], "texture": "#0"},
				"up": {"uv": [7, 7.5, 2, 6.5], "texture": "#0"},
				"down": {"uv": [12, 6.5, 7, 7.5], "texture": "#0"}
			}
		}
	],
	"display": {
		"thirdperson_righthand": {
			"translation": [0, 5.75, 0],
			"scale": [0.8, 0.8, 0.8]
		},
		"thirdperson_lefthand": {
			"translation": [0, 5.75, 0],
			"scale": [0.8, 0.8, 0.8]
		},
		"firstperson_righthand": {
			"translation": [0, 5, 0],
			"scale": [0.8, 0.8, 0.8]
		},
		"firstperson_lefthand": {
			"translation": [0, 5, 0],
			"scale": [0.8, 0.8, 0.8]
		},
		"ground": {
			"translation": [0, 3.5, 0],
			"scale": [0.9, 0.9, 0.9]
		},
		"gui": {
			"rotation": [20, 30, 0],
			"translation": [0, 1.5, 0]
		},
		"head": {
			"translation": [0, 9.5, -8.75]
		},
		"fixed": {
			"translation": [0, 3, 0],
			"scale": [2, 2, 2]
		}
	}
}