{
	"credit": "Made with Blockbench",
	"texture_size": [32, 32],
	"textures": {
		"2": "palm:item/guitar",
		"particle": "palm:item/guitar"
	},
	"elements": [
		{
			"from": [3.5, 1, 6.5],
			"to": [12.5, 6, 9.5],
			"rotation": {"angle": 0, "axis": "y", "origin": [8.5, 4, 8]},
			"faces": {
				"north": {"uv": [0, 0, 4.5, 2.5], "texture": "#2"},
				"east": {"uv": [6.5, 8.5, 8, 11], "texture": "#2"},
				"south": {"uv": [0, 2.5, 4.5, 5], "texture": "#2"},
				"west": {"uv": [8, 8.5, 9.5, 11], "texture": "#2"},
				"up": {"uv": [9, 5.5, 4.5, 4], "texture": "#2"},
				"down": {"uv": [4.5, 5, 0, 6.5], "texture": "#2"}
			}
		},
		{
			"from": [4.5, 0, 6.5],
			"to": [11.5, 1, 9.5],
			"rotation": {"angle": 0, "axis": "y", "origin": [8.5, 3, 8]},
			"faces": {
				"north": {"uv": [10, 8, 13.5, 8.5], "texture": "#2"},
				"east": {"uv": [11.5, 6, 13, 6.5], "texture": "#2"},
				"south": {"uv": [11, 10, 14.5, 10.5], "texture": "#2"},
				"west": {"uv": [11.5, 6.5, 13, 7], "texture": "#2"},
				"up": {"uv": [3.5, 8, 0, 6.5], "texture": "#2"},
				"down": {"uv": [10, 5.5, 6.5, 7], "texture": "#2"}
			}
		},
		{
			"from": [5.5, 12, 6.5],
			"to": [10.5, 13, 9.5],
			"rotation": {"angle": 0, "axis": "y", "origin": [8.5, 3, 8]},
			"faces": {
				"north": {"uv": [6.5, 11, 9, 11.5], "texture": "#2"},
				"east": {"uv": [11.5, 3.5, 13, 4], "texture": "#2"},
				"south": {"uv": [11.5, 0, 14, 0.5], "texture": "#2"},
				"west": {"uv": [11.5, 4, 13, 4.5], "texture": "#2"},
				"up": {"uv": [11.5, 4.5, 9, 3], "texture": "#2"},
				"down": {"uv": [2.5, 9.5, 0, 11], "texture": "#2"}
			}
		},
		{
			"from": [4.5, 8, 6.5],
			"to": [11.5, 12, 9.5],
			"rotation": {"angle": 0, "axis": "y", "origin": [8.5, 3, 8]},
			"faces": {
				"north": {"uv": [4.5, 0, 8, 2], "texture": "#2"},
				"east": {"uv": [0, 11, 1.5, 13], "texture": "#2"},
				"south": {"uv": [4.5, 2, 8, 4], "texture": "#2"},
				"west": {"uv": [1.5, 11, 3, 13], "texture": "#2"},
				"up": {"uv": [10, 8.5, 6.5, 7], "texture": "#2"},
				"down": {"uv": [3.5, 8, 0, 9.5], "texture": "#2"}
			}
		},
		{
			"from": [7, 10, 6.4],
			"to": [9, 22, 7.4],
			"rotation": {"angle": 0, "axis": "y", "origin": [8.5, 8, 8.4]},
			"faces": {
				"north": {"uv": [4.5, 5.5, 5.5, 11.5], "texture": "#2"},
				"east": {"uv": [3.5, 6.5, 4, 12.5], "texture": "#2"},
				"south": {"uv": [5.5, 5.5, 6.5, 11.5], "texture": "#2"},
				"west": {"uv": [4, 6.5, 4.5, 12.5], "texture": "#2"},
				"up": {"uv": [9, 3.5, 8, 3], "texture": "#2"},
				"down": {"uv": [9, 3.5, 8, 4], "texture": "#2"}
			}
		},
		{
			"from": [6.5, 3, 6.4],
			"to": [9.5, 4, 7.4],
			"rotation": {"angle": 0, "axis": "y", "origin": [8.5, 1, 8.4]},
			"faces": {
				"north": {"uv": [11.5, 1.5, 13, 2], "texture": "#2"},
				"east": {"uv": [9, 4.5, 9.5, 5], "texture": "#2"},
				"south": {"uv": [11.5, 2, 13, 2.5], "texture": "#2"},
				"west": {"uv": [9, 5, 9.5, 5.5], "texture": "#2"},
				"up": {"uv": [13, 3, 11.5, 2.5], "texture": "#2"},
				"down": {"uv": [13, 3, 11.5, 3.5], "texture": "#2"}
			}
		},
		{
			"from": [6.5, 22, 6.4],
			"to": [9.5, 26, 7.4],
			"rotation": {"angle": 0, "axis": "y", "origin": [8.5, 13, 8.4]},
			"faces": {
				"north": {"uv": [10, 6, 11.5, 8], "texture": "#2"},
				"east": {"uv": [3, 9.5, 3.5, 11.5], "texture": "#2"},
				"south": {"uv": [9.5, 10, 11, 12], "texture": "#2"},
				"west": {"uv": [9, 11, 9.5, 13], "texture": "#2"},
				"up": {"uv": [13, 7.5, 11.5, 7], "texture": "#2"},
				"down": {"uv": [9, 11.5, 7.5, 12], "texture": "#2"}
			}
		},
		{
			"from": [5.5, 7, 6.5],
			"to": [10.5, 8, 9.5],
			"rotation": {"angle": 0, "axis": "y", "origin": [8.5, 3, 8]},
			"faces": {
				"north": {"uv": [11.5, 0.5, 14, 1], "texture": "#2"},
				"east": {"uv": [4.5, 11.5, 6, 12], "texture": "#2"},
				"south": {"uv": [11.5, 1, 14, 1.5], "texture": "#2"},
				"west": {"uv": [6, 11.5, 7.5, 12], "texture": "#2"},
				"up": {"uv": [12, 10, 9.5, 8.5], "texture": "#2"},
				"down": {"uv": [12.5, 4.5, 10, 6], "texture": "#2"}
			}
		},
		{
			"from": [4.5, 6, 6.5],
			"to": [11.5, 7, 9.5],
			"rotation": {"angle": 0, "axis": "y", "origin": [8.5, 2, 8]},
			"faces": {
				"north": {"uv": [11, 10.5, 14.5, 11], "texture": "#2"},
				"east": {"uv": [11.5, 7.5, 13, 8], "texture": "#2"},
				"south": {"uv": [11, 11, 14.5, 11.5], "texture": "#2"},
				"west": {"uv": [11, 11.5, 12.5, 12], "texture": "#2"},
				"up": {"uv": [11.5, 1.5, 8, 0], "texture": "#2"},
				"down": {"uv": [11.5, 1.5, 8, 3], "texture": "#2"}
			}
		}
	],
	"display": {
		"thirdperson_righthand": {
			"rotation": [96.98, 1.38, 10.41],
			"translation": [0, 0, -4]
		},
		"thirdperson_lefthand": {
			"rotation": [96.98, 1.38, 10.41],
			"translation": [0, 0, -4]
		},
		"firstperson_righthand": {
			"translation": [0, -3, 0]
		},
		"firstperson_lefthand": {
			"translation": [0, -3, 0]
		},
		"ground": {
			"translation": [0, 5, 0]
		},
		"head": {
			"translation": [0, 0, -7.75]
		},
		"fixed": {
			"rotation": [-70, -5, 5],
			"translation": [0, 0, -21],
			"scale": [3, 3, 3]
		}
	},
	"groups": [
		0,
		1,
		2,
		3,
		4,
		5,
		6,
		7,
		8,
		{
			"name": "group",
			"origin": [8, 8, 8],
			"color": 0,
			"children": []
		}
	]
}