{
	"credit": "Made with Blockbench",
	"texture_size": [128, 128],
	"textures": {
		"0": "palm:item/papaP_billboard",
		"particle": "palm:item/papaP_billboard"
	},
	"elements": [
		{
			"from": [-8, 0, 5],
			"to": [23, 2, 13],
			"rotation": {"angle": 0, "axis": "y", "origin": [7, 0, 8]},
			"faces": {
				"north": {"uv": [6.875, 4, 10.75, 4.25], "texture": "#0"},
				"east": {"uv": [6.875, 5, 7.875, 5.25], "texture": "#0"},
				"south": {"uv": [6.875, 4.25, 10.75, 4.5], "texture": "#0"},
				"west": {"uv": [6.875, 5.25, 7.875, 5.5], "texture": "#0"},
				"up": {"uv": [7.75, 1, 3.875, 0], "texture": "#0"},
				"down": {"uv": [7.75, 1, 3.875, 2], "texture": "#0"}
			}
		},
		{
			"from": [-8, 30, 5],
			"to": [23, 32, 13],
			"rotation": {"angle": 0, "axis": "y", "origin": [7, 30, 8]},
			"faces": {
				"north": {"uv": [6.875, 4.5, 10.75, 4.75], "texture": "#0"},
				"east": {"uv": [7.75, 3.5, 8.75, 3.75], "texture": "#0"},
				"south": {"uv": [6.875, 4.75, 10.75, 5], "texture": "#0"},
				"west": {"uv": [7.75, 3.75, 8.75, 4], "texture": "#0"},
				"up": {"uv": [7.75, 3, 3.875, 2], "texture": "#0"},
				"down": {"uv": [7.75, 3, 3.875, 4], "texture": "#0"}
			}
		},
		{
			"from": [-8, 2, 8],
			"to": [23, 30, 10],
			"rotation": {"angle": 0, "axis": "y", "origin": [7, 28, 8]},
			"faces": {
				"north": {"uv": [0, 0, 3.875, 3.5], "texture": "#0"},
				"east": {"uv": [0, 7, 0.25, 10.5], "texture": "#0"},
				"south": {"uv": [0, 3.5, 3.875, 7], "texture": "#0"},
				"west": {"uv": [0.25, 7, 0.5, 10.5], "texture": "#0"},
				"up": {"uv": [8.75, 6.75, 4.875, 6.5], "texture": "#0"},
				"down": {"uv": [8.75, 6.75, 4.875, 7], "texture": "#0"}
			}
		},
		{
			"from": [23, 2, 8],
			"to": [25, 28, 10],
			"rotation": {"angle": 0, "axis": "y", "origin": [9, 28, 8]},
			"faces": {
				"north": {"uv": [0.5, 7, 0.75, 10.25], "texture": "#0"},
				"east": {"uv": [0.75, 7, 1, 10.25], "texture": "#0"},
				"south": {"uv": [1, 7, 1.25, 10.25], "texture": "#0"},
				"west": {"uv": [1.25, 7, 1.5, 10.25], "texture": "#0"},
				"up": {"uv": [7.875, 8.75, 7.625, 8.5], "texture": "#0"},
				"down": {"uv": [8.125, 8.5, 7.875, 8.75], "texture": "#0"}
			}
		},
		{
			"from": [-10, 2, 8],
			"to": [-8, 28, 10],
			"rotation": {"angle": 0, "axis": "y", "origin": [-24, 28, 8]},
			"faces": {
				"north": {"uv": [1.5, 7, 1.75, 10.25], "texture": "#0"},
				"east": {"uv": [1.75, 7, 2, 10.25], "texture": "#0"},
				"south": {"uv": [2, 7, 2.25, 10.25], "texture": "#0"},
				"west": {"uv": [2.25, 7, 2.5, 10.25], "texture": "#0"},
				"up": {"uv": [8.875, 7.25, 8.625, 7], "texture": "#0"},
				"down": {"uv": [8.875, 7.25, 8.625, 7.5], "texture": "#0"}
			}
		},
		{
			"from": [25, 6, 8],
			"to": [27, 26, 10],
			"rotation": {"angle": 0, "axis": "y", "origin": [11, 28, 8]},
			"faces": {
				"north": {"uv": [3.5, 7, 3.75, 9.5], "texture": "#0"},
				"east": {"uv": [4.875, 7, 5.125, 9.5], "texture": "#0"},
				"south": {"uv": [5.125, 7, 5.375, 9.5], "texture": "#0"},
				"west": {"uv": [5.375, 7, 5.625, 9.5], "texture": "#0"},
				"up": {"uv": [8.375, 8.75, 8.125, 8.5], "texture": "#0"},
				"down": {"uv": [8.625, 8.5, 8.375, 8.75], "texture": "#0"}
			}
		},
		{
			"from": [-12, 6, 8],
			"to": [-10, 26, 10],
			"rotation": {"angle": 0, "axis": "y", "origin": [-26, 28, 8]},
			"faces": {
				"north": {"uv": [5.625, 7, 5.875, 9.5], "texture": "#0"},
				"east": {"uv": [5.875, 7, 6.125, 9.5], "texture": "#0"},
				"south": {"uv": [6.125, 7, 6.375, 9.5], "texture": "#0"},
				"west": {"uv": [6.375, 7, 6.625, 9.5], "texture": "#0"},
				"up": {"uv": [8.875, 7.75, 8.625, 7.5], "texture": "#0"},
				"down": {"uv": [8.875, 7.75, 8.625, 8], "texture": "#0"}
			}
		},
		{
			"from": [23, 2, 5],
			"to": [25, 4, 13],
			"rotation": {"angle": 0, "axis": "y", "origin": [4, 2, 8]},
			"faces": {
				"north": {"uv": [8.25, 0.5, 8.5, 0.75], "texture": "#0"},
				"east": {"uv": [6.875, 5.5, 7.875, 5.75], "texture": "#0"},
				"south": {"uv": [8.25, 0.75, 8.5, 1], "texture": "#0"},
				"west": {"uv": [6.875, 5.75, 7.875, 6], "texture": "#0"},
				"up": {"uv": [6.875, 8, 6.625, 7], "texture": "#0"},
				"down": {"uv": [7.125, 7, 6.875, 8], "texture": "#0"}
			}
		},
		{
			"from": [25, 4, 5],
			"to": [27, 6, 13],
			"rotation": {"angle": 0, "axis": "y", "origin": [6, 4, 8]},
			"faces": {
				"north": {"uv": [8.5, 0.5, 8.75, 0.75], "texture": "#0"},
				"east": {"uv": [7.75, 1, 8.75, 1.25], "texture": "#0"},
				"south": {"uv": [8.5, 0.75, 8.75, 1], "texture": "#0"},
				"west": {"uv": [7.75, 1.25, 8.75, 1.5], "texture": "#0"},
				"up": {"uv": [8, 2.5, 7.75, 1.5], "texture": "#0"},
				"down": {"uv": [8, 2.5, 7.75, 3.5], "texture": "#0"}
			}
		},
		{
			"from": [25, 26, 5],
			"to": [27, 28, 13],
			"rotation": {"angle": 0, "axis": "y", "origin": [6, 26, 8]},
			"faces": {
				"north": {"uv": [8.5, 2, 8.75, 2.25], "texture": "#0"},
				"east": {"uv": [8.125, 5, 9.125, 5.25], "texture": "#0"},
				"south": {"uv": [8.5, 2.25, 8.75, 2.5], "texture": "#0"},
				"west": {"uv": [8.125, 5.25, 9.125, 5.5], "texture": "#0"},
				"up": {"uv": [7.125, 9, 6.875, 8], "texture": "#0"},
				"down": {"uv": [7.375, 8, 7.125, 9], "texture": "#0"}
			}
		},
		{
			"from": [23, 28, 5],
			"to": [25, 30, 13],
			"rotation": {"angle": 0, "axis": "y", "origin": [4, 28, 8]},
			"faces": {
				"north": {"uv": [8.5, 1.5, 8.75, 1.75], "texture": "#0"},
				"east": {"uv": [7.875, 6, 8.875, 6.25], "texture": "#0"},
				"south": {"uv": [8.5, 1.75, 8.75, 2], "texture": "#0"},
				"west": {"uv": [7.875, 6.25, 8.875, 6.5], "texture": "#0"},
				"up": {"uv": [8.25, 3.5, 8, 2.5], "texture": "#0"},
				"down": {"uv": [6.875, 8, 6.625, 9], "texture": "#0"}
			}
		},
		{
			"from": [-10, 2, 5],
			"to": [-8, 4, 13],
			"rotation": {"angle": 0, "axis": "y", "origin": [-29, 2, 8]},
			"faces": {
				"north": {"uv": [8.375, 7.5, 8.625, 7.75], "texture": "#0"},
				"east": {"uv": [6.875, 6, 7.875, 6.25], "texture": "#0"},
				"south": {"uv": [8.375, 7.75, 8.625, 8], "texture": "#0"},
				"west": {"uv": [6.875, 6.25, 7.875, 6.5], "texture": "#0"},
				"up": {"uv": [7.375, 8, 7.125, 7], "texture": "#0"},
				"down": {"uv": [7.625, 7, 7.375, 8], "texture": "#0"}
			}
		},
		{
			"from": [-12, 4, 5],
			"to": [-10, 6, 13],
			"rotation": {"angle": 0, "axis": "y", "origin": [-31, 4, 8]},
			"faces": {
				"north": {"uv": [8.375, 8, 8.625, 8.25], "texture": "#0"},
				"east": {"uv": [7.625, 7, 8.625, 7.25], "texture": "#0"},
				"south": {"uv": [8.375, 8.25, 8.625, 8.5], "texture": "#0"},
				"west": {"uv": [7.625, 7.25, 8.625, 7.5], "texture": "#0"},
				"up": {"uv": [7.875, 8.5, 7.625, 7.5], "texture": "#0"},
				"down": {"uv": [8, 0, 7.75, 1], "texture": "#0"}
			}
		},
		{
			"from": [-12, 26, 5],
			"to": [-10, 28, 13],
			"rotation": {"angle": 0, "axis": "y", "origin": [-31, 26, 8]},
			"faces": {
				"north": {"uv": [8.5, 3, 8.75, 3.25], "texture": "#0"},
				"east": {"uv": [8.25, 0, 9.25, 0.25], "texture": "#0"},
				"south": {"uv": [8.5, 3.25, 8.75, 3.5], "texture": "#0"},
				"west": {"uv": [8.25, 0.25, 9.25, 0.5], "texture": "#0"},
				"up": {"uv": [8.5, 2.5, 8.25, 1.5], "texture": "#0"},
				"down": {"uv": [8.5, 2.5, 8.25, 3.5], "texture": "#0"}
			}
		},
		{
			"from": [-10, 28, 5],
			"to": [-8, 30, 13],
			"rotation": {"angle": 0, "axis": "y", "origin": [-29, 28, 8]},
			"faces": {
				"north": {"uv": [8.5, 2.5, 8.75, 2.75], "texture": "#0"},
				"east": {"uv": [8.125, 5.5, 9.125, 5.75], "texture": "#0"},
				"south": {"uv": [8.5, 2.75, 8.75, 3], "texture": "#0"},
				"west": {"uv": [8.125, 5.75, 9.125, 6], "texture": "#0"},
				"up": {"uv": [7.625, 9, 7.375, 8], "texture": "#0"},
				"down": {"uv": [8.375, 7.5, 8.125, 8.5], "texture": "#0"}
			}
		},
		{
			"from": [-14, 6, 5],
			"to": [-12, 26, 13],
			"rotation": {"angle": 0, "axis": "y", "origin": [-33, 6, 8]},
			"faces": {
				"north": {"uv": [2.5, 7, 2.75, 9.5], "texture": "#0"},
				"east": {"uv": [3.875, 4, 4.875, 6.5], "texture": "#0"},
				"south": {"uv": [2.75, 7, 3, 9.5], "texture": "#0"},
				"west": {"uv": [4.875, 4, 5.875, 6.5], "texture": "#0"},
				"up": {"uv": [8.125, 6, 7.875, 5], "texture": "#0"},
				"down": {"uv": [8.125, 7.5, 7.875, 8.5], "texture": "#0"}
			}
		},
		{
			"from": [27, 6, 5],
			"to": [29, 26, 13],
			"rotation": {"angle": 0, "axis": "y", "origin": [8, 6, 8]},
			"faces": {
				"north": {"uv": [3, 7, 3.25, 9.5], "texture": "#0"},
				"east": {"uv": [5.875, 4, 6.875, 6.5], "texture": "#0"},
				"south": {"uv": [3.25, 7, 3.5, 9.5], "texture": "#0"},
				"west": {"uv": [3.875, 6.5, 4.875, 9], "texture": "#0"},
				"up": {"uv": [8.25, 1, 8, 0], "texture": "#0"},
				"down": {"uv": [8.25, 1.5, 8, 2.5], "texture": "#0"}
			}
		}
	],
	"display": {
		"thirdperson_righthand": {
			"rotation": [62, 0, 0],
			"translation": [0, 0.5, 0]
		},
		"thirdperson_lefthand": {
			"rotation": [62, 0, 0],
			"translation": [0, 0.5, 0]
		},
		"firstperson_righthand": {
			"rotation": [62, 0, 0],
			"translation": [0, 0.5, 0]
		},
		"firstperson_lefthand": {
			"rotation": [62, 0, 0],
			"translation": [0, 0.5, 0]
		},
		"ground": {
			"translation": [0, 5.25, 0]
		},
		"gui": {
			"rotation": [20, -150, 0],
			"translation": [0, -3.5, 0],
			"scale": [0.4, 0.4, 0.4]
		},
		"head": {
			"translation": [0.5, -23, -11],
			"scale": [1.5, 1.5, 1.5]
		},
		"fixed": {
			"translation": [0, -15.75, -3.75],
			"scale": [3, 3, 3]
		}
	}
}