{
	"credit": "Made with Blockbench",
	"texture_size": [32, 32],
	"textures": {
		"1": "palm:item/double_axe"
	},
	"elements": [
		{
			"from": [7.5, 1, 7],
			"to": [8.5, 3, 9],
			"rotation": {"angle": -45, "axis": "x", "origin": [8, 2, 8]},
			"faces": {
				"north": {"uv": [8, 8, 8.5, 9], "texture": "#1"},
				"east": {"uv": [7.5, 4, 8.5, 5], "texture": "#1"},
				"south": {"uv": [7.5, 8, 8, 9], "texture": "#1"},
				"west": {"uv": [7.5, 5, 8.5, 6], "texture": "#1"},
				"up": {"uv": [9.5, 0.5, 8.5, 0], "rotation": 90, "texture": "#1"},
				"down": {"uv": [9.5, 0.5, 8.5, 1], "rotation": 270, "texture": "#1"}
			}
		},
		{
			"from": [7.5, 3, 7.5],
			"to": [8.5, 17, 8.5],
			"rotation": {"angle": 45, "axis": "y", "origin": [8, 10, 8]},
			"faces": {
				"north": {"uv": [7, 0, 7.5, 7], "texture": "#1"},
				"east": {"uv": [5.5, 0, 6, 7], "texture": "#1"},
				"south": {"uv": [6, 0, 6.5, 7], "texture": "#1"},
				"west": {"uv": [6.5, 0, 7, 7], "texture": "#1"},
				"up": {"uv": [9, 1.5, 8.5, 1], "rotation": 90, "texture": "#1"},
				"down": {"uv": [9, 1.5, 8.5, 2], "rotation": 270, "texture": "#1"}
			}
		},
		{
			"from": [8, 10, 2.5],
			"to": [8, 19, 13.5],
			"rotation": {"angle": 0, "axis": "y", "origin": [8, 10, 8]},
			"faces": {
				"north": {"uv": [0, 0, 0, 4.5], "texture": "#1"},
				"east": {"uv": [0, 0, 5.5, 4.5], "texture": "#1"},
				"south": {"uv": [0, 0, 0, 4.5], "texture": "#1"},
				"west": {"uv": [0, 4.5, 5.5, 9], "texture": "#1"},
				"up": {"uv": [5.5, 0, 0, 0], "rotation": 90, "texture": "#1"},
				"down": {"uv": [5.5, 0, 0, 0], "rotation": 270, "texture": "#1"}
			}
		}
	],
	"display": {
		"ground": {
			"translation": [0, 3, 0]
		},
		"gui": {
			"rotation": [0, 75, 0],
			"translation": [0, -2.25, 0]
		},
		"fixed": {
			"rotation": [0, 90, 0],
			"translation": [0, -2.5, -1.25],
			"scale": [2, 2, 2]
		}
	},
	"groups": [
		{
			"name": "axe",
			"origin": [8, 8, 8],
			"color": 0,
			"children": [0, 1, 2]
		}
	]
}