{
	"credit": "Made with Blockbench",
	"textures": {
		"0": "palm:item/eyepatch",
		"particle": "palm:item/eyepatch"
	},
	"elements": [
		{
			"from": [0, 0, 0],
			"to": [1, 5, 5],
			"faces": {
				"north": {"uv": [5, 0, 6, 5], "texture": "#0"},
				"east": {"uv": [0, 0, 5, 5], "texture": "#0"},
				"south": {"uv": [5, 5, 6, 10], "texture": "#0"},
				"west": {"uv": [0, 5, 5, 10], "texture": "#0"},
				"up": {"uv": [7, 5, 6, 0], "texture": "#0"},
				"down": {"uv": [7, 5, 6, 10], "texture": "#0"}
			}
		},
		{
			"from": [0.3, 3.4, 6.6],
			"to": [0.8, 3.9, 14.6],
			"rotation": {"angle": -22.5, "axis": "x", "origin": [0, -1.1, 6.6]},
			"faces": {
				"north": {"uv": [8, 6, 9, 7], "texture": "#0"},
				"east": {"uv": [7, 0, 12, 1], "texture": "#0"},
				"south": {"uv": [8, 7, 9, 8], "texture": "#0"},
				"west": {"uv": [7, 1, 12, 2], "texture": "#0"},
				"up": {"uv": [8, 7, 7, 2], "texture": "#0"},
				"down": {"uv": [8, 7, 7, 12], "texture": "#0"}
			}
		},
		{
			"from": [0.3, 6.1, 11.7],
			"to": [13.7, 6.5, 12.2],
			"rotation": {"angle": 0, "axis": "y", "origin": [0, 1.5, 11.7]},
			"faces": {
				"north": {"uv": [8, 2, 11, 3], "texture": "#0"},
				"east": {"uv": [8, 8, 9, 9], "texture": "#0"},
				"south": {"uv": [8, 3, 11, 4], "texture": "#0"},
				"west": {"uv": [9, 6, 10, 7], "texture": "#0"},
				"up": {"uv": [11, 5, 8, 4], "texture": "#0"},
				"down": {"uv": [11, 5, 8, 6], "texture": "#0"}
			}
		},
		{
			"from": [0.5, 3.6, -1.3],
			"to": [14.1, 4, -0.8],
			"rotation": {"angle": 0, "axis": "z", "origin": [-0.2, -1, -1.3]},
			"faces": {
				"north": {"uv": [8, 2, 11, 3], "texture": "#0"},
				"east": {"uv": [8, 8, 9, 9], "texture": "#0"},
				"south": {"uv": [8, 3, 11, 4], "texture": "#0"},
				"west": {"uv": [9, 6, 10, 7], "texture": "#0"},
				"up": {"uv": [11, 5, 8, 4], "texture": "#0"},
				"down": {"uv": [11, 5, 8, 6], "texture": "#0"}
			}
		},
		{
			"from": [13.6, 3.6, -1.3],
			"to": [14.1, 6.5, -0.8],
			"rotation": {"angle": 0, "axis": "z", "origin": [-1.6, 0.3, -1.3]},
			"faces": {
				"north": {"uv": [8, 2, 11, 3], "texture": "#0"},
				"east": {"uv": [8, 8, 9, 9], "texture": "#0"},
				"south": {"uv": [8, 3, 11, 4], "texture": "#0"},
				"west": {"uv": [9, 6, 10, 7], "texture": "#0"},
				"up": {"uv": [11, 5, 8, 4], "texture": "#0"},
				"down": {"uv": [11, 5, 8, 6], "texture": "#0"}
			}
		},
		{
			"from": [0, 3.5, -1.3],
			"to": [0.5, 4, 0.1],
			"rotation": {"angle": 0, "axis": "z", "origin": [-15.2, -1.1, -1.3]},
			"faces": {
				"north": {"uv": [8, 2, 11, 3], "texture": "#0"},
				"east": {"uv": [8, 8, 9, 9], "texture": "#0"},
				"south": {"uv": [8, 3, 11, 4], "texture": "#0"},
				"west": {"uv": [9, 6, 10, 7], "texture": "#0"},
				"up": {"uv": [11, 5, 8, 4], "texture": "#0"},
				"down": {"uv": [11, 5, 8, 6], "texture": "#0"}
			}
		},
		{
			"from": [13.6, 6.1, -1.3],
			"to": [14.1, 6.5, 12.4],
			"rotation": {"angle": 0, "axis": "y", "origin": [13.6, 1.5, 12.7]},
			"faces": {
				"north": {"uv": [8, 8, 9, 9], "texture": "#0"},
				"east": {"uv": [8, 3, 11, 4], "texture": "#0"},
				"south": {"uv": [9, 6, 10, 7], "texture": "#0"},
				"west": {"uv": [8, 2, 11, 3], "texture": "#0"},
				"up": {"uv": [11, 5, 8, 4], "rotation": 270, "texture": "#0"},
				"down": {"uv": [11, 5, 8, 6], "rotation": 90, "texture": "#0"}
			}
		}
	],
	"display": {
		"thirdperson_righthand": {
			"scale": [0.5, 0.5, 0.5]
		},
		"thirdperson_lefthand": {
			"scale": [0.5, 0.5, 0.5]
		},
		"firstperson_righthand": {
			"rotation": [0, -80, 0],
			"scale": [0.5, 0.5, 0.5]
		},
		"firstperson_lefthand": {
			"rotation": [0, 50, 0],
			"scale": [0.5, 0.5, 0.5]
		},
		"ground": {
			"translation": [0, 1.75, 0],
			"scale": [0.6, 0.6, 0.6]
		},
		"gui": {
			"rotation": [-15, -115, 0],
			"translation": [-2.25, 3.25, 0],
			"scale": [0.8, 0.8, 0.8]
		},
		"head": {
			"rotation": [0, -90, 0],
			"translation": [-2.5, 5.5, 1]
		},
		"fixed": {
			"rotation": [0, -90, 0],
			"translation": [-2, 4.25, 0]
		}
	}
}