{
	"credit": "Made with Blockbench",
	"texture_size": [32, 32],
	"textures": {
		"1": "palm:item/cutlass"
	},
	"elements": [
		{
			"from": [8, 3.5, 5],
			"to": [8, 9.5, 11],
			"rotation": {"angle": 45, "axis": "x", "origin": [8, 6.5, 8]},
			"faces": {
				"north": {"uv": [0, 0, 0, 3], "texture": "#1"},
				"east": {"uv": [3.5, 0, 6.5, 3], "texture": "#1"},
				"south": {"uv": [0, 0, 0, 3], "texture": "#1"},
				"west": {"uv": [3.5, 3, 6.5, 6], "texture": "#1"},
				"up": {"uv": [0, 3, 0, 0], "texture": "#1"},
				"down": {"uv": [0, 0, 0, 3], "texture": "#1"}
			}
		},
		{
			"from": [8, 9.5, 5],
			"to": [8, 16.5, 12],
			"rotation": {"angle": 45, "axis": "x", "origin": [8, 13.5, 8]},
			"faces": {
				"north": {"uv": [0, 0, 0, 3.5], "texture": "#1"},
				"east": {"uv": [0, 0, 3.5, 3.5], "texture": "#1"},
				"south": {"uv": [0, 0, 0, 3.5], "texture": "#1"},
				"west": {"uv": [0, 3.5, 3.5, 7], "texture": "#1"},
				"up": {"uv": [0, 3.5, 0, 0], "texture": "#1"},
				"down": {"uv": [0, 0, 0, 3.5], "texture": "#1"}
			}
		},
		{
			"from": [6, 8, 6],
			"to": [10, 10, 10],
			"faces": {
				"north": {"uv": [0, 7, 2, 8], "texture": "#1"},
				"east": {"uv": [7.5, 6, 9.5, 7], "texture": "#1"},
				"south": {"uv": [7.5, 7, 9.5, 8], "texture": "#1"},
				"west": {"uv": [0, 8, 2, 9], "texture": "#1"},
				"up": {"uv": [7.5, 8, 5.5, 6], "texture": "#1"},
				"down": {"uv": [8.5, 0, 6.5, 2], "texture": "#1"}
			}
		},
		{
			"from": [8, 10, 7.5],
			"to": [8, 28, 8.5],
			"faces": {
				"north": {"uv": [0, 0, 0, 9], "texture": "#1"},
				"east": {"uv": [3.5, 6, 4, 15], "texture": "#1"},
				"south": {"uv": [0, 0, 0, 9], "texture": "#1"},
				"west": {"uv": [4, 6, 4.5, 15], "texture": "#1"},
				"up": {"uv": [0, 0.5, 0, 0], "texture": "#1"},
				"down": {"uv": [0, 0, 0, 0.5], "texture": "#1"}
			}
		},
		{
			"from": [7.5, 10, 8],
			"to": [8.5, 28, 8],
			"rotation": {"angle": 0, "axis": "y", "origin": [8, 19, 8]},
			"faces": {
				"north": {"uv": [4.5, 6, 5, 15], "texture": "#1"},
				"east": {"uv": [0, 0, 0, 9], "texture": "#1"},
				"south": {"uv": [5, 6, 5.5, 15], "texture": "#1"},
				"west": {"uv": [0, 0, 0, 9], "texture": "#1"},
				"up": {"uv": [0.5, 0, 0, 0], "texture": "#1"},
				"down": {"uv": [0.5, 0, 0, 0], "texture": "#1"}
			}
		},
		{
			"from": [7.5, 4.9, 7.5],
			"to": [8.5, 9.9, 8.5],
			"rotation": {"angle": 45, "axis": "y", "origin": [8, 6.9, 8]},
			"faces": {
				"north": {"uv": [2, 7, 2.5, 9.5], "texture": "#1"},
				"east": {"uv": [2.5, 7, 3, 9.5], "texture": "#1"},
				"south": {"uv": [3, 7, 3.5, 9.5], "texture": "#1"},
				"west": {"uv": [8.5, 2, 9, 4.5], "texture": "#1"},
				"up": {"uv": [9, 6, 8.5, 5.5], "texture": "#1"},
				"down": {"uv": [9.5, 4, 9, 4.5], "texture": "#1"}
			}
		},
		{
			"from": [7, 3, 7],
			"to": [9, 5, 9],
			"faces": {
				"north": {"uv": [8.5, 4.5, 9.5, 5.5], "texture": "#1"},
				"east": {"uv": [0, 9, 1, 10], "texture": "#1"},
				"south": {"uv": [1, 9, 2, 10], "texture": "#1"},
				"west": {"uv": [9, 2, 10, 3], "texture": "#1"},
				"up": {"uv": [10, 4, 9, 3], "texture": "#1"},
				"down": {"uv": [6.5, 9, 5.5, 10], "texture": "#1"}
			}
		},
		{
			"name": "cube inverted",
			"from": [10, 10, 10],
			"to": [6, 8, 6],
			"faces": {
				"north": {"uv": [5.5, 8, 7.5, 9], "texture": "#1"},
				"east": {"uv": [7.5, 8, 9.5, 9], "texture": "#1"},
				"south": {"uv": [8.5, 0, 10.5, 1], "texture": "#1"},
				"west": {"uv": [8.5, 1, 10.5, 2], "texture": "#1"},
				"up": {"uv": [8.5, 4, 6.5, 2], "texture": "#1"},
				"down": {"uv": [8.5, 4, 6.5, 6], "texture": "#1"}
			}
		}
	],
	"display": {
		"thirdperson_righthand": {
			"translation": [0, 0.75, 1]
		},
		"thirdperson_lefthand": {
			"translation": [0, 0.75, 1]
		},
		"firstperson_righthand": {
			"translation": [0, 0.75, 1]
		},
		"firstperson_lefthand": {
			"translation": [0, 0.75, 1]
		},
		"ground": {
			"translation": [0, 1.25, 0]
		},
		"gui": {
			"rotation": [0, 56, -34],
			"translation": [0, -4.75, 0],
			"scale": [0.7, 0.7, 0.7]
		},
		"fixed": {
			"rotation": [0, -90, 0],
			"translation": [0, -11.25, -4.25],
			"scale": [2, 2, 2]
		}
	},
	"groups": [
		{
			"name": "sword",
			"origin": [0, 0, 0],
			"color": 0,
			"children": [
				0,
				1,
				2,
				3,
				4,
				5,
				6,
				{
					"name": "blade",
					"origin": [0, 0, 0],
					"color": 0,
					"children": []
				},
				7
			]
		}
	]
}