{
	"credit": "Made with Blockbench",
	"texture_size": [64, 64],
	"textures": {
		"0": "palm:item/pizza",
		"particle": "palm:item/pizza"
	},
	"elements": [
		{
			"from": [1, 0, 1],
			"to": [15, 3, 3],
			"rotation": {"angle": 0, "axis": "y", "origin": [1, 0, 1]},
			"faces": {
				"north": {"uv": [2.5, 0, 6, 0.75], "texture": "#0"},
				"east": {"uv": [4, 5.25, 4.5, 6], "texture": "#0"},
				"south": {"uv": [2.5, 0.75, 6, 1.5], "texture": "#0"},
				"west": {"uv": [4.5, 5.25, 5, 6], "texture": "#0"},
				"up": {"uv": [8.5, 3.5, 5, 3], "texture": "#0"},
				"down": {"uv": [8.5, 3.5, 5, 4], "texture": "#0"}
			}
		},
		{
			"from": [1, 0, 13],
			"to": [15, 3, 15],
			"rotation": {"angle": 0, "axis": "y", "origin": [1, 0, 13]},
			"faces": {
				"north": {"uv": [2.5, 1.5, 6, 2.25], "texture": "#0"},
				"east": {"uv": [6, 0.5, 6.5, 1.25], "texture": "#0"},
				"south": {"uv": [2.5, 2.25, 6, 3], "texture": "#0"},
				"west": {"uv": [6, 1.25, 6.5, 2], "texture": "#0"},
				"up": {"uv": [8.5, 4.5, 5, 4], "texture": "#0"},
				"down": {"uv": [8.5, 4.5, 5, 5], "texture": "#0"}
			}
		},
		{
			"from": [13, 0, 3],
			"to": [15, 3, 13],
			"rotation": {"angle": 0, "axis": "y", "origin": [1, 0, 3]},
			"faces": {
				"north": {"uv": [6, 2, 6.5, 2.75], "texture": "#0"},
				"east": {"uv": [2.5, 3, 5, 3.75], "texture": "#0"},
				"south": {"uv": [4, 6, 4.5, 6.75], "texture": "#0"},
				"west": {"uv": [2.5, 3.75, 5, 4.5], "texture": "#0"},
				"up": {"uv": [5.5, 7.5, 5, 5], "texture": "#0"},
				"down": {"uv": [3, 5.25, 2.5, 7.75], "texture": "#0"}
			}
		},
		{
			"from": [1, 0, 3],
			"to": [3, 3, 13],
			"rotation": {"angle": 0, "axis": "y", "origin": [1, 0, 11]},
			"faces": {
				"north": {"uv": [4.5, 6, 5, 6.75], "texture": "#0"},
				"east": {"uv": [2.5, 4.5, 5, 5.25], "texture": "#0"},
				"south": {"uv": [5.5, 6, 6, 6.75], "texture": "#0"},
				"west": {"uv": [0, 5, 2.5, 5.75], "texture": "#0"},
				"up": {"uv": [3.5, 7.75, 3, 5.25], "texture": "#0"},
				"down": {"uv": [4, 5.25, 3.5, 7.75], "texture": "#0"}
			}
		},
		{
			"from": [3, 0, 3],
			"to": [13, 2, 13],
			"rotation": {"angle": 0, "axis": "y", "origin": [3, 0, 11]},
			"faces": {
				"north": {"uv": [5.5, 5, 8, 5.5], "texture": "#0"},
				"east": {"uv": [5.5, 5.5, 8, 6], "texture": "#0"},
				"south": {"uv": [0, 5.75, 2.5, 6.25], "texture": "#0"},
				"west": {"uv": [6, 0, 8.5, 0.5], "texture": "#0"},
				"up": {"uv": [2.5, 2.5, 0, 0], "texture": "#0"},
				"down": {"uv": [2.5, 2.5, 0, 5], "texture": "#0"}
			}
		},
		{
			"from": [4, 2, 4],
			"to": [6, 2.4, 6],
			"rotation": {"angle": 0, "axis": "y", "origin": [4, 2, 4]},
			"faces": {
				"north": {"uv": [8.75, 8.5, 9.25, 8.6], "texture": "#0"},
				"east": {"uv": [7.75, 8, 8.25, 8.1], "texture": "#0"},
				"south": {"uv": [8.75, 8.5, 9.25, 8.6], "texture": "#0"},
				"west": {"uv": [7.75, 8, 8.25, 8.1], "texture": "#0"},
				"up": {"uv": [7.75, 8, 8.25, 8.5], "texture": "#0"},
				"down": {"uv": [7.75, 8, 8.25, 8.5], "texture": "#0"}
			}
		},
		{
			"from": [9, 2, 5],
			"to": [11, 2.4, 7],
			"rotation": {"angle": 0, "axis": "y", "origin": [9, 2, 5]},
			"faces": {
				"north": {"uv": [8.75, 8.5, 9.25, 8.6], "texture": "#0"},
				"east": {"uv": [7.75, 8, 8.25, 8.1], "texture": "#0"},
				"south": {"uv": [8.75, 8.5, 9.25, 8.6], "texture": "#0"},
				"west": {"uv": [7.75, 8, 8.25, 8.1], "texture": "#0"},
				"up": {"uv": [7.75, 8, 8.25, 8.5], "texture": "#0"},
				"down": {"uv": [7.75, 8, 8.25, 8.5], "texture": "#0"}
			}
		},
		{
			"from": [6, 2, 6],
			"to": [8, 2.4, 8],
			"rotation": {"angle": 0, "axis": "y", "origin": [6, 2, 6]},
			"faces": {
				"north": {"uv": [8.75, 8, 9.25, 8.6], "texture": "#0"},
				"east": {"uv": [7.75, 8, 8.25, 8.1], "texture": "#0"},
				"south": {"uv": [8.75, 8, 9.25, 8.6], "texture": "#0"},
				"west": {"uv": [7.75, 8, 8.25, 8.1], "texture": "#0"},
				"up": {"uv": [7.75, 8, 8.25, 8.5], "texture": "#0"},
				"down": {"uv": [7.75, 8, 8.25, 8.5], "texture": "#0"}
			}
		},
		{
			"from": [11, 2, 10],
			"to": [13, 2.4, 12],
			"rotation": {"angle": 0, "axis": "y", "origin": [11, 2, 10]},
			"faces": {
				"north": {"uv": [8.75, 8.5, 9.25, 8.6], "texture": "#0"},
				"east": {"uv": [7.75, 8, 8.25, 8.1], "texture": "#0"},
				"south": {"uv": [8.75, 8.5, 9.25, 8.6], "texture": "#0"},
				"west": {"uv": [7.75, 8, 8.25, 8.1], "texture": "#0"},
				"up": {"uv": [7.75, 8, 8.25, 8.5], "texture": "#0"},
				"down": {"uv": [7.75, 8, 8.25, 8.5], "texture": "#0"}
			}
		},
		{
			"from": [3, 2, 10],
			"to": [5, 2.4, 12],
			"rotation": {"angle": 0, "axis": "y", "origin": [3, 2, 10]},
			"faces": {
				"north": {"uv": [8.75, 8.5, 9.25, 8.6], "texture": "#0"},
				"east": {"uv": [7.75, 8, 8.25, 8.1], "texture": "#0"},
				"south": {"uv": [8.75, 8.5, 9.25, 8.6], "texture": "#0"},
				"west": {"uv": [7.75, 8, 8.25, 8.1], "texture": "#0"},
				"up": {"uv": [7.75, 8, 8.25, 8.5], "texture": "#0"},
				"down": {"uv": [7.75, 8, 8.25, 8.5], "texture": "#0"}
			}
		},
		{
			"from": [7, 2, 9],
			"to": [9, 2.4, 11],
			"rotation": {"angle": 0, "axis": "y", "origin": [7, 2, 9]},
			"faces": {
				"north": {"uv": [8.75, 8.5, 9.25, 8.6], "texture": "#0"},
				"east": {"uv": [7.75, 8, 8.25, 8.1], "texture": "#0"},
				"south": {"uv": [8.75, 8.5, 9.25, 8.6], "texture": "#0"},
				"west": {"uv": [7.75, 8, 8.25, 8.1], "texture": "#0"},
				"up": {"uv": [7.75, 8, 8.25, 8.5], "texture": "#0"},
				"down": {"uv": [7.75, 8, 8.25, 8.5], "texture": "#0"}
			}
		}
	],
	"display": {
		"thirdperson_righthand": {
			"translation": [0, 8, 0]
		},
		"thirdperson_lefthand": {
			"translation": [0, 8, 0]
		},
		"firstperson_righthand": {
			"translation": [0, 8, 0]
		},
		"firstperson_lefthand": {
			"translation": [0, 8, 0]
		},
		"ground": {
			"translation": [0, 5.5, 0]
		},
		"gui": {
			"rotation": [45, 45, 0],
			"translation": [0, 2.5, 0],
			"scale": [0.8, 0.8, 0.8]
		},
		"head": {
			"rotation": [-90, 0, 0],
			"translation": [0, 0, -16],
			"scale": [2, 2, 2]
		},
		"fixed": {
			"rotation": [-90, 0, 0],
			"translation": [0, 0, -14],
			"scale": [2, 2, 2]
		}
	},
	"groups": [
		{
			"name": "crust",
			"origin": [1, 0, 1],
			"color": 0,
			"children": [0, 1, 2, 3]
		},
		{
			"name": "inner",
			"origin": [8, 8, 8],
			"color": 0,
			"children": [4]
		},
		{
			"name": "pepperoni",
			"origin": [8, 8, 8],
			"color": 0,
			"children": [5, 6, 7, 8, 9, 10]
		}
	]
}