{
	"credit": "Made with Blockbench",
	"texture_size": [32, 32],
	"textures": {
		"2": "palm:item/camera"
	},
	"elements": [
		{
			"name": "octagon",
			"from": [6, 1.12868, 5.5],
			"to": [9, 2.37132, 7.5],
			"rotation": {"angle": 45, "axis": "z", "origin": [7.5, 1.75, 6.5]},
			"faces": {
				"north": {"uv": [7, 4.5, 8.5, 5], "texture": "#2"},
				"east": {"uv": [8, 2, 9, 2.5], "texture": "#2"},
				"south": {"uv": [7, 5, 8.5, 5.5], "texture": "#2"},
				"west": {"uv": [3.5, 8, 4.5, 8.5], "texture": "#2"},
				"up": {"uv": [7, 2, 5.5, 1], "texture": "#2"},
				"down": {"uv": [7, 2, 5.5, 3], "texture": "#2"}
			}
		},
		{
			"name": "octagon",
			"from": [6, 1.12868, 5.5],
			"to": [9, 2.37132, 7.5],
			"rotation": {"angle": 0, "axis": "y", "origin": [7.5, 1.75, 6.5]},
			"faces": {
				"north": {"uv": [7, 5.5, 8.5, 6], "texture": "#2"},
				"east": {"uv": [8, 3.5, 9, 4], "texture": "#2"},
				"south": {"uv": [7, 6, 8.5, 6.5], "texture": "#2"},
				"west": {"uv": [8, 4, 9, 4.5], "texture": "#2"},
				"up": {"uv": [7, 4, 5.5, 3], "texture": "#2"},
				"down": {"uv": [5.5, 6, 4, 7], "texture": "#2"}
			}
		},
		{
			"name": "octagon",
			"from": [6.87868, 0.25, 5.5],
			"to": [8.12132, 3.25, 7.5],
			"rotation": {"angle": 45, "axis": "z", "origin": [7.5, 1.75, 6.5]},
			"faces": {
				"north": {"uv": [4.5, 7, 5, 8.5], "texture": "#2"},
				"east": {"uv": [6, 5, 7, 6.5], "texture": "#2"},
				"south": {"uv": [5, 7, 5.5, 8.5], "texture": "#2"},
				"west": {"uv": [5.5, 6.5, 6.5, 8], "texture": "#2"},
				"up": {"uv": [8, 1, 7.5, 0], "texture": "#2"},
				"down": {"uv": [6, 8, 5.5, 9], "texture": "#2"}
			}
		},
		{
			"name": "octagon",
			"from": [6.87868, 0.25, 4.5],
			"to": [8.12132, 0.25, 5.5],
			"rotation": {"angle": 45, "axis": "z", "origin": [7.5, 1.75, 6.5]},
			"faces": {
				"north": {"uv": [0, 0, 0.5, 0], "texture": "#2"},
				"east": {"uv": [0, 0, 0.5, 0], "texture": "#2"},
				"south": {"uv": [0, 0, 0.5, 0], "texture": "#2"},
				"west": {"uv": [0, 0, 0.5, 0], "texture": "#2"},
				"up": {"uv": [9, 6, 8.5, 5.5], "texture": "#2"},
				"down": {"uv": [9, 6, 8.5, 6.5], "texture": "#2"}
			}
		},
		{
			"name": "octagon",
			"from": [6.87868, 3.25, 4.5],
			"to": [8.12132, 3.25, 5.5],
			"rotation": {"angle": 45, "axis": "z", "origin": [7.5, 1.75, 6.5]},
			"faces": {
				"north": {"uv": [0, 0, 0.5, 0], "texture": "#2"},
				"east": {"uv": [0, 0, 0.5, 0], "texture": "#2"},
				"south": {"uv": [0, 0, 0.5, 0], "texture": "#2"},
				"west": {"uv": [0, 0, 0.5, 0], "texture": "#2"},
				"up": {"uv": [7.5, 9, 7, 8.5], "texture": "#2"},
				"down": {"uv": [8, 8.5, 7.5, 9], "texture": "#2"}
			}
		},
		{
			"name": "octagon",
			"from": [6.87868, 3.25, 4.5],
			"to": [8.12132, 3.25, 5.5],
			"rotation": {"angle": -45, "axis": "z", "origin": [7.5, 1.75, 6.5]},
			"faces": {
				"north": {"uv": [0, 0, 0.5, 0], "texture": "#2"},
				"east": {"uv": [0, 0, 0.5, 0], "texture": "#2"},
				"south": {"uv": [0, 0, 0.5, 0], "texture": "#2"},
				"west": {"uv": [0, 0, 0.5, 0], "texture": "#2"},
				"up": {"uv": [9.5, 0.5, 9, 0], "texture": "#2"},
				"down": {"uv": [9.5, 0.5, 9, 1], "texture": "#2"}
			}
		},
		{
			"name": "octagon",
			"from": [6.87868, 0.25, 4.5],
			"to": [8.12132, 0.25, 5.5],
			"rotation": {"angle": -45, "axis": "z", "origin": [7.5, 1.75, 6.5]},
			"faces": {
				"north": {"uv": [0, 0, 0.5, 0], "texture": "#2"},
				"east": {"uv": [0, 0, 0.5, 0], "texture": "#2"},
				"south": {"uv": [0, 0, 0.5, 0], "texture": "#2"},
				"west": {"uv": [0, 0, 0.5, 0], "texture": "#2"},
				"up": {"uv": [9, 8.5, 8.5, 8], "texture": "#2"},
				"down": {"uv": [9, 8.5, 8.5, 9], "texture": "#2"}
			}
		},
		{
			"name": "octagon",
			"from": [6.87868, 0.25, 5.5],
			"to": [8.12132, 3.25, 7.5],
			"rotation": {"angle": 0, "axis": "y", "origin": [7.5, 1.75, 6.5]},
			"faces": {
				"north": {"uv": [7.5, 6.5, 8, 8], "texture": "#2"},
				"east": {"uv": [6.5, 6.5, 7.5, 8], "texture": "#2"},
				"south": {"uv": [8, 0, 8.5, 1.5], "texture": "#2"},
				"west": {"uv": [0, 7, 1, 8.5], "texture": "#2"},
				"up": {"uv": [6.5, 9, 6, 8], "texture": "#2"},
				"down": {"uv": [7, 8, 6.5, 9], "texture": "#2"}
			}
		},
		{
			"name": "octagon",
			"from": [6, 1.12868, 5.499],
			"to": [9, 3.25, 5.499],
			"rotation": {"angle": 0, "axis": "y", "origin": [16.12132, 11.25, 13.5]},
			"faces": {
				"north": {"uv": [2, 7, 3.5, 8], "texture": "#2"},
				"east": {"uv": [0, 0, 0, 1], "texture": "#2"},
				"south": {"uv": [7, 2.5, 8.5, 3.5], "texture": "#2"},
				"west": {"uv": [0, 0, 0, 1], "texture": "#2"},
				"up": {"uv": [1.5, 0, 0, 0], "texture": "#2"},
				"down": {"uv": [1.5, 0, 0, 0], "texture": "#2"}
			}
		},
		{
			"name": "octagon",
			"from": [6.87868, 3.25, 4.5],
			"to": [8.12132, 3.25, 5.5],
			"rotation": {"angle": 0, "axis": "y", "origin": [7.5, 1.75, 4.5]},
			"faces": {
				"north": {"uv": [0, 0, 0.5, 0], "texture": "#2"},
				"east": {"uv": [0, 0, 0.5, 0], "texture": "#2"},
				"south": {"uv": [0, 0, 0.5, 0], "texture": "#2"},
				"west": {"uv": [0, 0, 0.5, 0], "texture": "#2"},
				"up": {"uv": [5, 9, 4.5, 8.5], "texture": "#2"},
				"down": {"uv": [9, 4.5, 8.5, 5], "texture": "#2"}
			}
		},
		{
			"name": "octagon",
			"from": [6.87868, 0.25, 4.5],
			"to": [8.12132, 0.25, 5.5],
			"rotation": {"angle": 0, "axis": "y", "origin": [7.5, -1.25, 4.5]},
			"faces": {
				"north": {"uv": [0, 0, 0.5, 0], "texture": "#2"},
				"east": {"uv": [0, 0, 0.5, 0], "texture": "#2"},
				"south": {"uv": [0, 0, 0.5, 0], "texture": "#2"},
				"west": {"uv": [0, 0, 0.5, 0], "texture": "#2"},
				"up": {"uv": [5.5, 9, 5, 8.5], "texture": "#2"},
				"down": {"uv": [9, 5, 8.5, 5.5], "texture": "#2"}
			}
		},
		{
			"name": "octagon",
			"from": [6, 1.12868, 4.5],
			"to": [6, 2.37132, 5.5],
			"rotation": {"angle": 0, "axis": "y", "origin": [7.5, 1.75, 5]},
			"faces": {
				"north": {"uv": [0, 0, 0, 0.5], "texture": "#2"},
				"east": {"uv": [1, 9, 1.5, 9.5], "texture": "#2"},
				"south": {"uv": [0, 0, 0, 0.5], "texture": "#2"},
				"west": {"uv": [1.5, 9, 2, 9.5], "texture": "#2"},
				"up": {"uv": [0, 0.5, 0, 0], "texture": "#2"},
				"down": {"uv": [0, 0, 0, 0.5], "texture": "#2"}
			}
		},
		{
			"name": "octagon",
			"from": [9, 1.12868, 4.5],
			"to": [9, 2.37132, 5.5],
			"rotation": {"angle": 0, "axis": "y", "origin": [7.5, 1.75, 5]},
			"faces": {
				"north": {"uv": [0, 0, 0, 0.5], "texture": "#2"},
				"east": {"uv": [2.5, 9, 3, 9.5], "texture": "#2"},
				"south": {"uv": [0, 0, 0, 0.5], "texture": "#2"},
				"west": {"uv": [3, 9, 3.5, 9.5], "texture": "#2"},
				"up": {"uv": [0, 0.5, 0, 0], "texture": "#2"},
				"down": {"uv": [0, 0, 0, 0.5], "texture": "#2"}
			}
		},
		{
			"name": "octagon",
			"from": [9, 1.12868, 5.5],
			"to": [9, 2.37132, 5.5],
			"rotation": {"angle": 0, "axis": "y", "origin": [7.5, 1.75, 5]},
			"faces": {
				"north": {"uv": [0, 0, 0, 0.5], "texture": "#2"},
				"east": {"uv": [0, 0, 0, 0.5], "texture": "#2"},
				"south": {"uv": [0, 0, 0, 0.5], "texture": "#2"},
				"west": {"uv": [0, 0, 0, 0.5], "texture": "#2"},
				"up": {"uv": [0, 0, 0, 0], "texture": "#2"},
				"down": {"uv": [0, 0, 0, 0], "texture": "#2"}
			}
		},
		{
			"from": [5.5, -0.1, 7.4],
			"to": [9.5, 4.1, 9.6],
			"rotation": {"angle": 0, "axis": "y", "origin": [5, 0, 7]},
			"faces": {
				"north": {"uv": [3.5, 0, 5.5, 2], "texture": "#2"},
				"east": {"uv": [2, 5, 3, 7], "texture": "#2"},
				"south": {"uv": [3.5, 2, 5.5, 4], "texture": "#2"},
				"west": {"uv": [3, 5, 4, 7], "texture": "#2"},
				"up": {"uv": [6, 6, 4, 5], "texture": "#2"},
				"down": {"uv": [7.5, 0, 5.5, 1], "texture": "#2"}
			}
		},
		{
			"from": [4.5, 0, 7.5],
			"to": [11.5, 4, 9.5],
			"rotation": {"angle": 0, "axis": "y", "origin": [4.5, 0, 7.5]},
			"faces": {
				"north": {"uv": [0, 0, 3.5, 2], "texture": "#2"},
				"east": {"uv": [0, 5, 1, 7], "texture": "#2"},
				"south": {"uv": [0, 2, 3.5, 4], "texture": "#2"},
				"west": {"uv": [1, 5, 2, 7], "texture": "#2"},
				"up": {"uv": [3.5, 5, 0, 4], "texture": "#2"},
				"down": {"uv": [7, 4, 3.5, 5], "texture": "#2"}
			}
		},
		{
			"from": [6.5, 3.5, 7],
			"to": [8.5, 4.5, 10],
			"rotation": {"angle": 0, "axis": "y", "origin": [4.5, 4, 7]},
			"faces": {
				"north": {"uv": [8, 6.5, 9, 7], "texture": "#2"},
				"east": {"uv": [8, 1.5, 9.5, 2], "texture": "#2"},
				"south": {"uv": [7, 8, 8, 8.5], "texture": "#2"},
				"west": {"uv": [2, 8, 3.5, 8.5], "texture": "#2"},
				"up": {"uv": [2, 8.5, 1, 7], "texture": "#2"},
				"down": {"uv": [8, 1, 7, 2.5], "texture": "#2"}
			}
		},
		{
			"from": [6.5, 2.5, 7],
			"to": [8.5, 3.5, 8],
			"rotation": {"angle": 0, "axis": "y", "origin": [4.5, 3, 7]},
			"faces": {
				"north": {"uv": [2, 8.5, 3, 9], "texture": "#2"},
				"east": {"uv": [2, 9, 2.5, 9.5], "texture": "#2"},
				"south": {"uv": [8.5, 2.5, 9.5, 3], "texture": "#2"},
				"west": {"uv": [9, 2, 9.5, 2.5], "texture": "#2"},
				"up": {"uv": [4, 9, 3, 8.5], "texture": "#2"},
				"down": {"uv": [9.5, 3, 8.5, 3.5], "texture": "#2"}
			}
		},
		{
			"from": [6.5, 3, 10],
			"to": [8.5, 5, 10],
			"rotation": {"angle": -45, "axis": "z", "origin": [7.5, 4, 10.25]},
			"faces": {
				"north": {"uv": [3.5, 7, 4.5, 8], "texture": "#2"},
				"east": {"uv": [0, 0, 0, 1], "texture": "#2"},
				"south": {"uv": [7, 3.5, 8, 4.5], "texture": "#2"},
				"west": {"uv": [0, 0, 0, 1], "texture": "#2"},
				"up": {"uv": [1, 0, 0, 0], "texture": "#2"},
				"down": {"uv": [1, 0, 0, 0], "texture": "#2"}
			}
		},
		{
			"from": [6.5, 3, 10],
			"to": [8.5, 3, 11],
			"rotation": {"angle": -45, "axis": "z", "origin": [7.5, 4, 10.25]},
			"faces": {
				"north": {"uv": [0, 0, 1, 0], "texture": "#2"},
				"east": {"uv": [0, 0, 0.5, 0], "texture": "#2"},
				"south": {"uv": [0, 0, 1, 0], "texture": "#2"},
				"west": {"uv": [0, 0, 0.5, 0], "texture": "#2"},
				"up": {"uv": [9, 7.5, 8, 7], "texture": "#2"},
				"down": {"uv": [9, 7.5, 8, 8], "texture": "#2"}
			}
		},
		{
			"from": [6.5, 5, 10],
			"to": [8.5, 5, 11],
			"rotation": {"angle": -45, "axis": "z", "origin": [7.5, 4, 10.25]},
			"faces": {
				"north": {"uv": [0, 0, 1, 0], "texture": "#2"},
				"east": {"uv": [0, 0, 0.5, 0], "texture": "#2"},
				"south": {"uv": [0, 0, 1, 0], "texture": "#2"},
				"west": {"uv": [0, 0, 0.5, 0], "texture": "#2"},
				"up": {"uv": [2, 9, 1, 8.5], "texture": "#2"},
				"down": {"uv": [9.5, 1, 8.5, 1.5], "texture": "#2"}
			}
		},
		{
			"from": [6.5, 3, 10],
			"to": [6.5, 5, 11],
			"rotation": {"angle": -45, "axis": "z", "origin": [7.5, 4, 10.25]},
			"faces": {
				"north": {"uv": [0, 0, 0, 1], "texture": "#2"},
				"east": {"uv": [8, 8, 8.5, 9], "texture": "#2"},
				"south": {"uv": [0, 0, 0, 1], "texture": "#2"},
				"west": {"uv": [0, 8.5, 0.5, 9.5], "texture": "#2"},
				"up": {"uv": [0, 0.5, 0, 0], "texture": "#2"},
				"down": {"uv": [0, 0, 0, 0.5], "texture": "#2"}
			}
		},
		{
			"from": [8.5, 3, 10],
			"to": [8.5, 5, 11],
			"rotation": {"angle": -45, "axis": "z", "origin": [7.5, 4, 10.25]},
			"faces": {
				"north": {"uv": [0, 0, 0, 1], "texture": "#2"},
				"east": {"uv": [8.5, 0, 9, 1], "texture": "#2"},
				"south": {"uv": [0, 0, 0, 1], "texture": "#2"},
				"west": {"uv": [0.5, 8.5, 1, 9.5], "texture": "#2"},
				"up": {"uv": [0, 0.5, 0, 0], "texture": "#2"},
				"down": {"uv": [0, 0, 0, 0.5], "texture": "#2"}
			}
		}
	],
	"display": {
		"thirdperson_righthand": {
			"translation": [0, 5.75, 0]
		},
		"thirdperson_lefthand": {
			"translation": [0, 5.75, 0]
		},
		"firstperson_righthand": {
			"translation": [0, 9.25, 0]
		},
		"firstperson_lefthand": {
			"translation": [0, 9.25, 0]
		},
		"ground": {
			"translation": [0, 4.5, 0]
		},
		"gui": {
			"rotation": [5, 152, 0],
			"translation": [-0.75, 10.75, 0],
			"scale": [2, 2, 2]
		},
		"head": {
			"translation": [0, 25.5, -7.25],
			"scale": [4, 4, 4]
		},
		"fixed": {
			"translation": [0, 14.25, -5],
			"scale": [2.5, 2.5, 2.5]
		}
	},
	"groups": [
		{
			"name": "camera",
			"origin": [8, 8, 8],
			"color": 0,
			"children": [
				{
					"name": "scope",
					"origin": [8, 8, 8],
					"color": 0,
					"children": [0, 1, 2, 3, 4, 5, 6, 7, 8, 9, 10, 11, 12, 13]
				},
				14,
				15,
				16,
				17,
				18,
				19,
				20,
				21,
				22
			]
		}
	]
}